UID,EAN,Nome,Marca,Rayon,SousRayon,Tamanho,Imagem,Fonte,ScoreInicial
beurre-rose,,Beurre rose,,,,,https://www.delhaize.lu/fr/file/25085.promo-home-std/4c8a59b3de00a08c97b04641123cea5c/25_s38_pushs_website-03.png,DELHAIZE,5.0
biscuits,,Biscuits,,,,,https://www.delhaize.lu/fr/file/25086.promo-home-std/e82e051da2ad43e8f4dbec01fa8e886f/25_s38_pushs_website-04.png,DELHAIZE,5.0
queues-de-crevettes,,Queues de crevettes,,,,,https://www.delhaize.lu/fr/file/25084.promo-home-std/7165371b8811e8eeeb55bcaf8d904935/25_s38_pushs_website-02.png,DELHAIZE,5.0
yaourt-style-islandais,,Yaourt style islandais,,,,,https://www.delhaize.lu/fr/file/25082.promo-home-std/094ea9fca75fbb755fa0e0b0b385875c/25_s38_pushs_website-01.png,DELHAIZE,5.0
3274080005003,3274080005003,Eau De Source,Cristaline,Boissons,Gama,1500 ml,https://images.openfoodfacts.org/images/products/327/408/000/5003/front_en.797.400.jpg,OFF,12.591
7622210449283,7622210449283,Prince Go√ªt Chocolat,Lu,Boissons,Gama,300 g,https://images.openfoodfacts.org/images/products/762/221/044/9283/front_en.605.400.jpg,OFF,11.996
3017620425035,3017620425035,Nutella,Ferrero,√âpicerie sal√©e,Gama,1 kg,https://images.openfoodfacts.org/images/products/301/762/042/5035/front_en.583.400.jpg,OFF,11.907
3268840001008,3268840001008,CRISTALINE Eau De Source 0.5L,Cristaline,Boissons,Gama,500 ml,https://images.openfoodfacts.org/images/products/326/884/000/1008/front_fr.422.400.jpg,OFF,11.64
3017620422003,3017620422003,Nutella,Ferrero,√âpicerie sal√©e,Gama,400 g,https://images.openfoodfacts.org/images/products/301/762/042/2003/front_en.633.400.jpg,OFF,11.645
5411188112709,5411188112709,Ger√∂stete Mandel Ohne Zucker,Alpro,√âpicerie sal√©e,Gama,1 l,https://images.openfoodfacts.org/images/products/541/118/811/2709/front_en.720.400.jpg,OFF,11.687
3057640257773,3057640257773,Eau Min√©rale Naturelle,Volvic,Boissons,Gama,"1,5 L",https://images.openfoodfacts.org/images/products/305/764/025/7773/front_en.302.400.jpg,OFF,11.324
3229820100234,3229820100234,Fourr√©s Chocolat Noir,Bjorg,Boissons,Gama,225 g,https://images.openfoodfacts.org/images/products/322/982/010/0234/front_fr.246.400.jpg,OFF,11.293
3168930010265,3168930010265,cruesly m√©lange de noix,Quaker,√âpicerie sal√©e,Gama,450 g,https://images.openfoodfacts.org/images/products/316/893/001/0265/front_en.206.400.jpg,OFF,11.142
5410041001204,5410041001204,Original,LU,√âpicerie sal√©e,Gama,100g,https://images.openfoodfacts.org/images/products/541/004/100/1204/front_en.520.400.jpg,OFF,11.174
8002270014901,8002270014901,S. Pellegrino Water,Nestl√©,√âpicerie sal√©e,Gama,1 L,https://images.openfoodfacts.org/images/products/800/227/001/4901/front_en.304.400.jpg,OFF,11.12
06175700,06175700,Tartines craquantes au sarrasin imp,Ekibio,Bio,Gama,160 g,https://images.openfoodfacts.org/images/products/000/000/617/5700/front_fr.90.400.jpg,OFF,11.105
87157215,87157215,Tomato Ketchup,Heinz,√âpicerie sal√©e,Gama,250 g,https://images.openfoodfacts.org/images/products/000/008/715/7215/front_en.208.400.jpg,OFF,11.028
5010029000023,5010029000023,Weetabix produit √† base de bl√© complet 100%,Weetabix,√âpicerie sal√©e,Gama,430g,https://images.openfoodfacts.org/images/products/501/002/900/0023/front_en.121.400.jpg,OFF,10.866
5410126006957,5410126006957,Biscoff Creamy,Lotus,√âpicerie sal√©e,Gama,400 g,https://images.openfoodfacts.org/images/products/541/012/600/6957/front_en.161.400.jpg,OFF,10.844
3041090063206,3041090063206,Cracotte C√©r√©ales Compl√®tes,lu,√âpicerie sal√©e,Gama,250,https://images.openfoodfacts.org/images/products/304/109/006/3206/front_fr.156.400.jpg,OFF,10.811
3041090063114,3041090063114,Cracotte,LU,√âpicerie sal√©e,Gama,7.35 gram,https://images.openfoodfacts.org/images/products/304/109/006/3114/front_en.204.400.jpg,OFF,10.781
3228857000166,3228857000166,100% mie complet 500g,Harrys,√âpicerie sal√©e,Gama,500 g,https://images.openfoodfacts.org/images/products/322/885/700/0166/front_fr.1789.400.jpg,OFF,10.727
8076800195057,8076800195057,Spaghetti No: 5,Barilla,√âpicerie sal√©e,Gama,500 g,https://images.openfoodfacts.org/images/products/807/680/019/5057/front_en.3428.400.jpg,OFF,10.749
3159470000120,3159470000120,Corn Flakes,Kellogg's,√âpicerie sal√©e,Gama,500 g,https://images.openfoodfacts.org/images/products/315/947/000/0120/front_en.147.400.jpg,OFF,10.694
3229820021027,3229820021027,P'tit Nature Complet,Bjorg,√âpicerie sal√©e,Gama,200 g,https://images.openfoodfacts.org/images/products/322/982/002/1027/front_fr.216.400.jpg,OFF,10.697
3068320120256,3068320120256,Eau min√©rale naturelle,Evian,Boissons,Gama,1.5 L,https://images.openfoodfacts.org/images/products/306/832/012/0256/front_en.61.400.jpg,OFF,10.684
3017620421006,3017620421006,P√¢te √† tartiner Nutella noisettes et cacao - 750g,Ferrero,√âpicerie sal√©e,Gama,750 g,https://images.openfoodfacts.org/images/products/301/762/042/1006/front_fr.337.400.jpg,OFF,10.697
3228857000852,3228857000852,Harrys pain de mie 100% mie nature sans croute 500g,Harrys,√âpicerie sal√©e,Gama,500 g,https://images.openfoodfacts.org/images/products/322/885/700/0852/front_en.160.400.jpg,OFF,10.591
3175681209282,3175681209282,Go√ªter 4S Saveur pommes,Gerbl√©,Fruits & L√©gumes,Gama,360 g,https://images.openfoodfacts.org/images/products/317/568/120/9282/front_fr.113.400.jpg,OFF,10.591
7613036249928,7613036249928,eau minerale,Nestl√©,Boissons,Gama,1500 ml,https://images.openfoodfacts.org/images/products/761/303/624/9928/front_fr.442.400.jpg,OFF,10.537
3033710065967,3033710065967,NESQUIK Cacao,Nestl√©,√âpicerie sal√©e,Gama,1 kg,https://images.openfoodfacts.org/images/products/303/371/006/5967/front_en.472.400.jpg,OFF,10.529
5411188125808,5411188125808,Ohne Zuckerzusatz* Mango,Alpro,√âpicerie sal√©e,Gama,400 g,https://images.openfoodfacts.org/images/products/541/118/812/5808/front_de.402.400.jpg,OFF,10.617
7613036669146,7613036669146,CHOCAPIC BIO C√©r√©ales 375g,Nestl√©,Bio,Gama,375 g,https://images.openfoodfacts.org/images/products/761/303/666/9146/front_en.213.400.jpg,OFF,10.481
7622210713780,7622210713780,Belvita Petit D√©jeuner Chocolat,LU,Boissons,Gama,400 g,https://images.openfoodfacts.org/images/products/762/221/071/3780/front_en.221.400.jpg,OFF,10.485
8076809513722,8076809513722,Basilico 400g eu,Barilla,√âpicerie sal√©e,Gama,400 g,https://images.openfoodfacts.org/images/products/807/680/951/3722/front_fr.943.400.jpg,OFF,10.438
5060088706022,5060088706022,NAKD Cacahu√®tes - 140g (4x1p),Nakd.,√âpicerie sal√©e,Gama,140 g,https://images.openfoodfacts.org/images/products/506/008/870/6022/front_fr.92.400.jpg,OFF,10.438
7622210713926,7622210713926,Belvita Brut & 5 c√©r√©ales compl√®tes,Lu,√âpicerie sal√©e,Gama,400 gram,https://images.openfoodfacts.org/images/products/762/221/071/3926/front_fr.198.400.jpg,OFF,10.375
3073781131888,3073781131888,Kiri-K√§se,Kiri,√âpicerie sal√©e,Gama,144 g,https://images.openfoodfacts.org/images/products/307/378/113/1888/front_en.39.400.jpg,OFF,10.352
3073781131925,3073781131925,Kiri¬Æ Cr√®me 12 portions,Kiri,√âpicerie sal√©e,Gama,216 g,https://images.openfoodfacts.org/images/products/307/378/113/1925/front_fr.185.400.jpg,OFF,10.371
5411188116592,5411188116592,D√©licieuse & Tropical Coco,alpro,√âpicerie sal√©e,Gama,1l,https://images.openfoodfacts.org/images/products/541/118/811/6592/front_en.405.400.jpg,OFF,10.366
8076802085981,8076802085981,Fusilli,Barilla,√âpicerie sal√©e,Gama,500 g,https://images.openfoodfacts.org/images/products/807/680/208/5981/front_en.44.400.jpg,OFF,10.242
8000500269169,8000500269169,Kinder Cards,Ferrero,√âpicerie sal√©e,Gama,128 g,https://images.openfoodfacts.org/images/products/800/050/026/9169/front_en.247.400.jpg,OFF,10.273
3178530407396,3178530407396,Petit Cookies P√©pites de chocolat,Bonne Maman,Boissons,Gama,250g,https://images.openfoodfacts.org/images/products/317/853/040/7396/front_fr.127.400.jpg,OFF,10.198
5411188115496,5411188115496,"Alpro Sojadrink, Unges√º√üt 1L",Danone,√âpicerie sal√©e,Gama,1 l,https://images.openfoodfacts.org/images/products/541/118/811/5496/front_en.163.400.jpg,OFF,10.193
3272770004725,3272770004725,"9 Minis St Moret (17,8% MG)",Savencia,√âpicerie sal√©e,Gama,9 * 20 g (180 g),https://images.openfoodfacts.org/images/products/327/277/000/4725/front_fr.95.400.jpg,OFF,10.187
3478820023184,3478820023184,P√¢te √† tartiner chocolat noisette,Jardin bio,Boissons,Gama,350 g,https://images.openfoodfacts.org/images/products/347/882/002/3184/front_fr.198.400.jpg,OFF,10.187
5010477348630,5010477348630,"Muesli bio 36% fruits, noix & graines",Jordans,Bio,Gama,500 g,https://images.openfoodfacts.org/images/products/501/047/734/8630/front_fr.144.400.jpg,OFF,10.153
3159470001424,3159470001424,C√©r√©ales All Bran Kellogg's Fibre Plus,Kellogg's,√âpicerie sal√©e,Gama,500 g,https://images.openfoodfacts.org/images/products/315/947/000/1424/front_en.103.400.jpg,OFF,10.17
20920210,20920210,Chicor√©e Caf√©,Bellarom,√âpicerie sal√©e,Gama,250 g,https://images.openfoodfacts.org/images/products/000/002/092/0210/front_fr.50.400.jpg,OFF,10.231
5410221305085,5410221305085,Schweppes Agrum',Orangina Schweppes,√âpicerie sal√©e,Gama,33 cl,https://images.openfoodfacts.org/images/products/541/022/130/5085/front_en.128.400.jpg,OFF,10.142
7622210995063,7622210995063,180G LT NOISETTE COTE D OR,C√¥te d'Or,√âpicerie sal√©e,Gama,180g,https://images.openfoodfacts.org/images/products/762/221/099/5063/front_fr.196.400.jpg,OFF,10.147
3502110009449,3502110009449,Orangensaft,Tropicana,√âpicerie sal√©e,Gama,1000 ml,https://images.openfoodfacts.org/images/products/350/211/000/9449/front_en.151.400.jpg,OFF,10.088
8000500227848,8000500227848,B-ready 6 pi√®ces,Ferrero,√âpicerie sal√©e,Gama,132 g,https://images.openfoodfacts.org/images/products/800/050/022/7848/front_en.301.400.jpg,OFF,10.056
3068320080000,3068320080000,Evian,Evian,√âpicerie sal√©e,Gama,1 l,https://images.openfoodfacts.org/images/products/306/832/008/0000/front_en.98.400.jpg,OFF,10.03
20116705,20116705,galettes riz chocolat noir,Sondey,Boissons,Gama,"100 g (6 x 16,6 g)",https://images.openfoodfacts.org/images/products/000/002/011/6705/front_en.189.400.jpg,OFF,10.056
3159470005071,3159470005071,C√©r√©ales Extra P√©pites Chocolat Noisettes,Kellogg's,Boissons,Gama,500 g,https://images.openfoodfacts.org/images/products/315/947/000/5071/front_fr.145.400.jpg,OFF,10.043
8076800376999,8076800376999,Lasagne all'uovo,Barilla,√âpicerie sal√©e,Gama,500 g,https://images.openfoodfacts.org/images/products/807/680/037/6999/front_it.330.400.jpg,OFF,10.011
3183280017337,3183280017337,Sel Fin,La baleine,√âpicerie sal√©e,Gama,550 g,https://images.openfoodfacts.org/images/products/318/328/001/7337/front_fr.111.400.jpg,OFF,9.99
3487400000392,3487400000392,Bl√© tendre cuisson 10 min Ebly 500 g,Ebly,√âpicerie sal√©e,Gama,500 g,https://images.openfoodfacts.org/images/products/348/740/000/0392/front_fr.123.400.jpg,OFF,10.037
3033491485756,3033491485756,Fraise Framboise,Hipro,√âpicerie sal√©e,Gama,300g,https://images.openfoodfacts.org/images/products/303/349/148/5756/front_fr.252.400.jpg,OFF,9.963
8010721001509,8010721001509,Parmigiano Reggiano Revet Fersk Parmesan DOP 60g,OLUF LORENTZEN AS,√âpicerie sal√©e,Gama,60 g,https://images.openfoodfacts.org/images/products/801/072/100/1509/front_en.463.400.jpg,OFF,9.913
5050083296079,5050083296079,Cereales special K original,Kellogg's,√âpicerie sucr√©e,Gama,500 g,https://images.openfoodfacts.org/images/products/505/008/329/6079/front_fr.60.400.jpg,OFF,9.942
3250541920139,3250541920139,MAILLE Mayonnaise Fins Gourmets Bocal 320g,MailleUnilever,√âpicerie sal√©e,Gama,320 g,https://images.openfoodfacts.org/images/products/325/054/192/0139/front_fr.330.400.jpg,OFF,9.868
4005500310105,4005500310105,Maggi,MAGGI,√âpicerie sal√©e,Gama,202ml,https://images.openfoodfacts.org/images/products/400/550/031/0105/front_en.194.400.jpg,OFF,9.913
5449000232304,5449000232304,PET 1.25L FUZETEA PECHE HIB,FUZE TEA,√âpicerie sal√©e,Gama,1.25 l,https://images.openfoodfacts.org/images/products/544/900/023/2304/front_fr.73.400.jpg,OFF,9.812
3017760030106,3017760030106,Palmito L'original,Lu,√âpicerie sal√©e,Gama,"100 g, 2 sachets",https://images.openfoodfacts.org/images/products/301/776/003/0106/front_fr.137.400.jpg,OFF,9.836
3161711000622,3161711000622,Caprice des Dieux,Caprice Des Dieux,√âpicerie sal√©e,Gama,200 g,https://images.openfoodfacts.org/images/products/316/171/100/0622/front_en.124.400.jpg,OFF,9.796
7613035648463,7613035648463,HERTA P√¢te √† Pizza Fine et Rectangulaire 390g,Herta,√âpicerie sal√©e,Gama,390 g,https://images.openfoodfacts.org/images/products/761/303/564/8463/front_fr.130.400.jpg,OFF,9.796
5050083516313,5050083516313,C√©r√©ales Extra Kellogg's P√©pites Chocolat au lait,Kellogg's,Cr√®merie / Latic√≠nios,Gama,500 g,https://images.openfoodfacts.org/images/products/505/008/351/6313/front_fr.140.400.jpg,OFF,9.762
3608580789758,3608580789758,Compote Pomme Nature,Andros,Fruits & L√©gumes,Gama,730 g,https://images.openfoodfacts.org/images/products/360/858/078/9758/front_fr.80.400.jpg,OFF,9.71
3017760472890,3017760472890,BelVita Original Petit D√©jeuner p√©pites de chocolat,LU,Boissons,Gama,300 g,https://images.openfoodfacts.org/images/products/301/776/047/2890/front_fr.84.400.jpg,OFF,9.727
3600900006972,3600900006972,tendres perles,Tipiak,√âpicerie sal√©e,Gama,2x175g,https://images.openfoodfacts.org/images/products/360/090/000/6972/front_fr.84.400.jpg,OFF,9.754
5010029201246,5010029201246,Swiss Style Muesli,Alpen,√âpicerie sal√©e,Gama,560 g,https://images.openfoodfacts.org/images/products/501/002/920/1246/front_en.193.400.jpg,OFF,9.718
5411188139126,5411188139126,Sabor Natural con Coco,alpro,√âpicerie sal√©e,Gama,400 g,https://images.openfoodfacts.org/images/products/541/118/813/9126/front_en.49.400.jpg,OFF,9.654
5410013100003,5410013100003,Spa reine,spa,√âpicerie sal√©e,Gama,"1,5 l",https://images.openfoodfacts.org/images/products/541/001/310/0003/front_en.12.400.jpg,OFF,9.625
3057640508813,3057640508813,Infusion touche d'Hibiscus,Volvic,√âpicerie sal√©e,Gama,75cl,https://images.openfoodfacts.org/images/products/305/764/050/8813/front_fr.52.400.jpg,OFF,9.554
3165440007808,3165440007808,Chapelure dor√©e,Tipiak,√âpicerie sal√©e,Gama,250 g,https://images.openfoodfacts.org/images/products/316/544/000/7808/front_fr.113.400.jpg,OFF,9.533
8000430133035,8000430133035,Mozzarella,Galbani,√âpicerie sal√©e,Gama,125 g (225 g),https://images.openfoodfacts.org/images/products/800/043/013/3035/front_en.235.400.jpg,OFF,9.575
8076800195019,8076800195019,Capellini (Spagetti) Nr. 1,Barilla,√âpicerie sal√©e,Gama,500 g,https://images.openfoodfacts.org/images/products/807/680/019/5019/front_en.2385.400.jpg,OFF,9.575
3033491482892,3033491482892,Hipro fruit citron 160 g x 2,Danone,√âpicerie sal√©e,Gama,0.32 kg,https://images.openfoodfacts.org/images/products/303/349/148/2892/front_fr.104.400.jpg,OFF,9.466
3266980033613,3266980033613,cordon bleu le gaulois,Le Gaulois,√âpicerie sal√©e,Gama,200 g (2 x 100 g),https://images.openfoodfacts.org/images/products/326/698/003/3613/front_fr.154.400.jpg,OFF,9.466
8001250120342,8001250120342,Fusilli n¬∞34,De Cecco,√âpicerie sal√©e,Gama,120g,https://images.openfoodfacts.org/images/products/800/125/012/0342/front_en.160.400.jpg,OFF,9.489
7612100066430,7612100066430,"Ovomaltine - Vitamin & Mineral Bars, 5 ct 100g (3.5oz)",Ovomaltine,√âpicerie sal√©e,Gama,100g,https://images.openfoodfacts.org/images/products/761/210/006/6430/front_fr.48.400.jpg,OFF,9.419
5411188124269,5411188124269,"Alpro Joghurtalternative auf Sojabasis, Natur mit Hafer, 500 g",Alpro,√âpicerie sal√©e,Gama,0.5 kg,https://images.openfoodfacts.org/images/products/541/118/812/4269/front_en.100.400.jpg,OFF,9.394
3033491351082,3033491351082,Activia bifidus saveur vanille sans arome artificiel 125 g x 4,Activia,√âpicerie sal√©e,Gama,0.5 kg,https://images.openfoodfacts.org/images/products/303/349/135/1082/front_fr.117.400.jpg,OFF,9.394
11044204,11044204,Schoko Reis Waffeln,Alnatura,√âpicerie sal√©e,Gama,100g,https://images.openfoodfacts.org/images/products/000/001/104/4204/front_en.77.400.jpg,OFF,9.369
3033710072927,3033710072927,"NESCAF√â NES, Caf√© Soluble, Bo√Æte de 25 Sticks (2g chacun)",Nestl√©,√âpicerie sal√©e,Gama,50 g,https://images.openfoodfacts.org/images/products/303/371/007/2927/front_fr.140.400.jpg,OFF,9.394
3178530403022,3178530403022,Tartelettes chocolat caramel,OLUF LORENTZEN AS,Boissons,Gama,135 g,https://images.openfoodfacts.org/images/products/317/853/040/3022/front_en.125.400.jpg,OFF,9.431
3023260030980,3023260030980,Roquefort Soci√©t√©,Lactalis,√âpicerie sal√©e,Gama,150 g e,https://images.openfoodfacts.org/images/products/302/326/003/0980/front_en.114.400.jpg,OFF,9.382
8076809512268,8076809512268,Nudeln Spirelli,Barilla,√âpicerie sal√©e,Gama,500g,https://images.openfoodfacts.org/images/products/807/680/951/2268/front_de.268.400.jpg,OFF,9.344
3017800078853,3017800078853,Lentilles pr√©par√©es Cultiv√©s en France d'aucy 265g,D'aucy,√âpicerie sal√©e,Gama,265 g,https://images.openfoodfacts.org/images/products/301/780/007/8853/front_fr.110.400.jpg,OFF,9.357
5000112638745,5000112638745,Coca cola zero sugar,Coca-Cola,Boissons,Gama,33cl,https://images.openfoodfacts.org/images/products/500/011/263/8745/front_fr.4.400.jpg,OFF,9.382
3228020232028,3228020232028,le Brie,Pr√©sident,√âpicerie sal√©e,Gama,200 g,https://images.openfoodfacts.org/images/products/322/802/023/2028/front_en.114.400.jpg,OFF,9.477
10082584,10082584,Noix du Bresil,Seeberger,√âpicerie sal√©e,Gama,200g,https://images.openfoodfacts.org/images/products/000/001/008/2584/front_fr.89.400.jpg,OFF,9.29
8000430132267,8000430132267,Mozzarella mini,Galbani,√âpicerie sal√©e,Gama,0.15 kg,https://images.openfoodfacts.org/images/products/800/043/013/2267/front_en.44.400.jpg,OFF,9.234
5000112638769,5000112638769,Coca-Cola,Coca-Cola,Boissons,Gama,33 cl,https://images.openfoodfacts.org/images/products/500/011/263/8769/front_nl.27.400.jpg,OFF,9.29
8008698002070,8008698002070,Kringler Salinis Gl.Fri 60g Schar 60g,Arvid nordquist,√âpicerie sal√©e,Gama,60 g,https://images.openfoodfacts.org/images/products/800/869/800/2070/front_en.93.400.jpg,OFF,9.234
3229820167398,3229820167398,Galettes riz s√©same,Bjorg,√âpicerie sal√©e,Gama,130 g,https://images.openfoodfacts.org/images/products/322/982/016/7398/front_en.128.400.jpg,OFF,9.29
5410041423600,5410041423600,Prince go√ªt chocolat,LU,Boissons,Gama,10 x 40 g,https://images.openfoodfacts.org/images/products/541/004/142/3600/front_fr.55.400.jpg,OFF,9.19
3017760290692,3017760290692,Napolitain l'Original,Lu,√âpicerie sal√©e,Gama,6 x 30 g,https://images.openfoodfacts.org/images/products/301/776/029/0692/front_en.138.400.jpg,OFF,9.489
4056489156208,4056489156208,Milk chocolate caramel seasalt,Fin Carr√© way to go,√âpicerie sucr√©e,Gama,180 g,https://images.openfoodfacts.org/images/products/405/648/915/6208/front_en.47.400.jpg,OFF,9.205
8000430900231,8000430900231,Mozzarella di latte di Bufala,Galbani,√âpicerie sal√©e,Gama,125 g (235 g),https://images.openfoodfacts.org/images/products/800/043/090/0231/front_fr.128.400.jpg,OFF,9.111
4056489135579,4056489135579,Oliven√∂l,Primadonna,√âpicerie sal√©e,Gama,750ml,https://images.openfoodfacts.org/images/products/405/648/913/5579/front_de.75.400.jpg,OFF,9.205
4008258065013,4008258065013,Mandeln Feine Spezialit√§ten,Seeberger,√âpicerie sal√©e,Gama,200g,https://images.openfoodfacts.org/images/products/400/825/806/5013/front_de.105.400.jpg,OFF,9.06
5410033902007,5410033902007,P√¢te de cacahu√®te pindakaas,Calv√©,√âpicerie sal√©e,Gama,350g,https://images.openfoodfacts.org/images/products/541/003/390/2007/front_en.50.400.jpg,OFF,9.078
8008698022214,8008698022214,Pain campagnard aux graines,Sch√§r,√âpicerie sal√©e,Gama,100 gram,https://images.openfoodfacts.org/images/products/800/869/802/2214/front_fr.71.400.jpg,OFF,9.143
4025500186821,4025500186821,Kalinka Kefir,M√ºller,√âpicerie sal√©e,Gama,500 ml,https://images.openfoodfacts.org/images/products/402/550/018/6821/front_de.95.400.jpg,OFF,9.111
5711953068881,5711953068881,Chocolate Flavoured Shake,Arla,√âpicerie sucr√©e,Gama,500 g/482 ml,https://images.openfoodfacts.org/images/products/571/195/306/8881/front_en.168.400.jpg,OFF,9.078
4011100005846,4011100005846,Peanut,Mars M&M's,√âpicerie sal√©e,Gama,250g,https://images.openfoodfacts.org/images/products/401/110/000/5846/front_en.93.400.jpg,OFF,9.025
7610100088056,7610100088056,Nesquick,Nestl√©,√âpicerie sal√©e,Gama,500 g,https://images.openfoodfacts.org/images/products/761/010/008/8056/front_en.71.400.jpg,OFF,9.078
3161710000678,3161710000678,Camembert,G√©ramont,√âpicerie sal√©e,Gama,200g,https://images.openfoodfacts.org/images/products/316/171/000/0678/front_de.98.400.jpg,OFF,9.043
8715700423869,8715700423869,Tomato Ketchup 50% weniger Zucker & Salz,Heinz,√âpicerie sal√©e,Gama,500ml,https://images.openfoodfacts.org/images/products/871/570/042/3869/front_fr.130.400.jpg,OFF,9.007
5034033000220,5034033000220,Hit Lean & Green Apple + Elderflower + Mat√© Tea + L-Carnitine,LEAN&GREEN,√âpicerie sal√©e,Gama,500 ml,https://images.openfoodfacts.org/images/products/503/403/300/0220/front_en.16.400.jpg,OFF,9.025
3272770004817,3272770004817,St. M√¥ret Frischk√§se Nature,Savencia,√âpicerie sal√©e,Gama,150 g,https://images.openfoodfacts.org/images/products/327/277/000/4817/front_fr.9.400.jpg,OFF,8.97
3387390326468,3387390326468,Chocolate con Leche,Nestl√©,√âpicerie sucr√©e,Gama,375 g,https://images.openfoodfacts.org/images/products/338/739/032/6468/front_es.216.400.jpg,OFF,9.025
3502110005243,3502110005243,"Tropicana 100% oranges press√©es avec pulpe format familial 1,5 L",Tropicana¬Æ,√âpicerie sal√©e,Gama,1500 ml,https://images.openfoodfacts.org/images/products/350/211/000/5243/front_fr.90.400.jpg,OFF,8.871
5450168551015,5450168551015,Lait ferment√©,Luxlait,Cr√®merie / Latic√≠nios,Gama,1 L,https://images.openfoodfacts.org/images/products/545/016/855/1015/front_fr.60.400.jpg,OFF,8.912
8851613101378,8851613101378,–ö–æ–∫–æ—Å–æ–≤–æ–µ –º–æ–ª–æ–∫–æ,Aroy-D,√âpicerie sal√©e,Gama,250 ml,https://images.openfoodfacts.org/images/products/885/161/310/1378/front_en.176.400.jpg,OFF,8.85
3276650115709,3276650115709,Feuilles de Brick,La Pastilla,√âpicerie sal√©e,Gama,170g (10 feuilles),https://images.openfoodfacts.org/images/products/327/665/011/5709/front_fr.63.400.jpg,OFF,8.829
4002971243703,4002971243703,High Protein Chocolate Pudding,Ehrmann,√âpicerie sucr√©e,Gama,200g,https://images.openfoodfacts.org/images/products/400/297/124/3703/front_de.182.400.jpg,OFF,8.85
3023260005100,3023260005100,Salakis Natur,Salakis,√âpicerie sal√©e,Gama,200 g,https://images.openfoodfacts.org/images/products/302/326/000/5100/front_en.93.400.jpg,OFF,9.754
5449000014535,5449000014535,–°–ø—Ä–∞–π—Ç,Sprite,√âpicerie sal√©e,Gama,330 ml,https://images.openfoodfacts.org/images/products/544/900/001/4535/front_bg.116.400.jpg,OFF,8.871
7622210776266,7622210776266,prince,Lu,√âpicerie sal√©e,Gama,300g,https://images.openfoodfacts.org/images/products/762/221/077/6266/front_en.47.400.jpg,OFF,8.829
76222276,76222276,Leo,Milka,√âpicerie sal√©e,Gama,33g,https://images.openfoodfacts.org/images/products/000/007/622/2276/front_en.47.400.jpg,OFF,8.912
90162909,90162909,Red Bull 250ml,Red BullOrginal,√âpicerie sal√©e,Gama,250 ml,https://images.openfoodfacts.org/images/products/000/009/016/2909/front_en.78.400.jpg,OFF,8.932
5410126502404,5410126502404,LOTUS Gaufre de Li√®ge Perles de sucre Format Familial 450g (10x1p),Lotus,√âpicerie sucr√©e,Gama,450 g,https://images.openfoodfacts.org/images/products/541/012/650/2404/front_fr.41.400.jpg,OFF,8.761
7622210955562,7622210955562,Philadelphia Original,PHILADELPHIA,√âpicerie sal√©e,Gama,235 g,https://images.openfoodfacts.org/images/products/762/221/095/5562/front_fr.35.400.jpg,OFF,8.871
3083681163155,3083681163155,"Good lunch - Rice, Red kidney beans, corn and grilled vegetables",Bonduelle,√âpicerie sal√©e,Gama,250g,https://images.openfoodfacts.org/images/products/308/368/116/3155/front_en.3.400.jpg,OFF,8.829
8714100769362,8714100769362,Knorr Soupe Liquide Moulin√© de L√©gumes Vari√©s 1L,Knorr,√âpicerie sal√©e,Gama,1000 ml,https://images.openfoodfacts.org/images/products/871/410/076/9362/front_en.69.400.jpg,OFF,8.761
7622210955449,7622210955449,Original Philadelphia XL,Philadelphia,√âpicerie sal√©e,Gama,330 g,https://images.openfoodfacts.org/images/products/762/221/095/5449/front_en.27.400.jpg,OFF,8.761
20083304,20083304,Cornichons - extra fins au vinaigre,Freshona,Boissons,Gama,670 g (360 g net √©goutt√©),https://images.openfoodfacts.org/images/products/000/002/008/3304/front_fr.93.400.jpg,OFF,8.714
3700123300014,3700123300014,Pure life,Nestl√©,√âpicerie sal√©e,Gama,"1,5 l",https://images.openfoodfacts.org/images/products/370/012/330/0014/front_fr.95.400.jpg,OFF,8.761
8076808890015,8076808890015,P√¢tes tortellini jambon fromage collezione 250g,Barilla,Cr√®merie / Latic√≠nios,Gama,250 g,https://images.openfoodfacts.org/images/products/807/680/889/0015/front_fr.106.400.jpg,OFF,8.738
3700279301484,3700279301484,Cr√®me Dessert Pralin√©,Cr√®me Dessert,√âpicerie sal√©e,Gama,570 g,https://images.openfoodfacts.org/images/products/370/027/930/1484/front_en.77.400.jpg,OFF,8.714
3451790188718,3451790188718,Elle & vire desserts lactes mon grec nature,Elle & Vire,√âpicerie sal√©e,Gama,4 x 125 g,https://images.openfoodfacts.org/images/products/345/179/018/8718/front_fr.29.400.jpg,OFF,8.714
5711953007828,5711953007828,Starbucks Cappuccino,Starbucks,√âpicerie sal√©e,Gama,220 ml,https://images.openfoodfacts.org/images/products/571/195/300/7828/front_fr.46.400.jpg,OFF,9.094
3095751394017,3095751394017,Blanc de poulet - Halal,Fleury Michon,√âpicerie sal√©e,Gama,180g,https://images.openfoodfacts.org/images/products/309/575/139/4017/front_fr.995.400.jpg,OFF,8.664
3324499990077,3324499990077,Confiture de Fraises BIO,Les Comtes de Provence,Bio,Gama,350 g,https://images.openfoodfacts.org/images/products/332/449/999/0077/front_en.58.400.jpg,OFF,8.664
5411188138112,5411188138112,EDEKA Alpro Danone ALPRO¬Æ Joghurt Soja Hafer 400g 1.99‚Ç¨ 1kg 4.98‚Ç¨,alpro,√âpicerie sal√©e,Gama,400 g,https://images.openfoodfacts.org/images/products/541/118/813/8112/front_de.22.400.jpg,OFF,8.664
20163419,20163419,Tomato Passata,Baresa,√âpicerie sal√©e,Gama,500 gram,https://images.openfoodfacts.org/images/products/000/002/016/3419/front_en.34.400.jpg,OFF,8.611
4104420017849,4104420017849,Schoko M√ºsli,Alnatura,√âpicerie sal√©e,Gama,750 g,https://images.openfoodfacts.org/images/products/410/442/001/7849/front_en.89.400.jpg,OFF,8.714
4104420018709,4104420018709,Dinkel gepufft,Alnatura,√âpicerie sal√©e,Gama,200 g,https://images.openfoodfacts.org/images/products/410/442/001/8709/front_en.77.400.jpg,OFF,8.638
5410041014600,5410041014600,Centwafers,Lu,√âpicerie sal√©e,Gama,45 g e,https://images.openfoodfacts.org/images/products/541/004/101/4600/front_en.37.400.jpg,OFF,8.761
5410096784701,5410096784701,Riz au lait vanille,Nestl√©,Cr√®merie / Latic√≠nios,Gama,4 x 125g,https://images.openfoodfacts.org/images/products/541/009/678/4701/front_fr.40.400.jpg,OFF,8.611
8710100426588,8710100426588,Flocons d'avoine - Source de fibres,Quaker,√âpicerie sal√©e,Gama,800 g,https://images.openfoodfacts.org/images/products/871/010/042/6588/front_en.49.400.jpg,OFF,8.638
20154691,20154691,Gingerbread Hearts Dark Chocolate,Aachener Zucker und Backwaren Paul Schaeffer,√âpicerie sucr√©e,Gama,300g,https://images.openfoodfacts.org/images/products/000/002/015/4691/front_pl.203.400.jpg,OFF,8.584
3124480002129,3124480002129,PET 1.5L SCHWEPPES ZERO LEMON,Schweppes,√âpicerie sal√©e,Gama,"1,5 l",https://images.openfoodfacts.org/images/products/312/448/000/2129/front_fr.45.400.jpg,OFF,8.664
3233783625000,3233783625000,Pur√©e de piments Suzi Wan 100 g,Suzi Wan,√âpicerie sal√©e,Gama,100 g,https://images.openfoodfacts.org/images/products/323/378/362/5000/front_fr.73.400.jpg,OFF,8.611
4104420017740,4104420017740,Dinkel Crunchy,Alnatura,√âpicerie sal√©e,Gama,750 g,https://images.openfoodfacts.org/images/products/410/442/001/7740/front_en.109.400.jpg,OFF,8.584
7622210191830,7622210191830,Le pain grillier,LU,√âpicerie sal√©e,Gama,500 g e,https://images.openfoodfacts.org/images/products/762/221/019/1830/front_fr.48.400.jpg,OFF,8.611
3175460000062,3175460000062,Black pepper,Bel,√âpicerie sal√©e,Gama,150 g,https://images.openfoodfacts.org/images/products/317/546/000/0062/front_fr.190.400.jpg,OFF,8.526
3564707121118,3564707121118,Pur√©e de fruits pomme sans sucres ajout√©s bio,Bio Village,Fruits & L√©gumes,Gama,625 g,https://images.openfoodfacts.org/images/products/356/470/712/1118/front_fr.40.400.jpg,OFF,8.611
4002971243802,4002971243802,High-Protein-Pudding - Vanilla,Ehrmann,√âpicerie sal√©e,Gama,200 g,https://images.openfoodfacts.org/images/products/400/297/124/3802/front_de.79.400.jpg,OFF,8.526
3038359012266,3038359012266,Le Basmati du Penjab,Taureau Ail√©,Boissons,Gama,"1,2 kg",https://images.openfoodfacts.org/images/products/303/835/901/2266/front_fr.20.400.jpg,OFF,8.497
3068320055008,3068320055008,Evian 500ml,Evian,√âpicerie sal√©e,Gama,50 cl,https://images.openfoodfacts.org/images/products/306/832/005/5008/front_en.179.400.jpg,OFF,8.466
20469320,20469320,cherry tomaten saus,Italiamo,Fruits & L√©gumes,Gama,330g,https://images.openfoodfacts.org/images/products/000/002/046/9320/front_en.85.400.jpg,OFF,8.497
3599741002871,3599741002871,Croustibat Petits Tr√©sors,Findus,√âpicerie sal√©e,Gama,450 g,https://images.openfoodfacts.org/images/products/359/974/100/2871/front_fr.42.400.jpg,OFF,8.466
4008258252017,4008258252017,Datteln entsteint / Dates pitted,Seeberger,√âpicerie sal√©e,Gama,200g,https://images.openfoodfacts.org/images/products/400/825/825/2017/front_en.81.400.jpg,OFF,8.466
4104420054004,4104420054004,Maiswaffeln,Alnatura,√âpicerie sal√©e,Gama,110 g,https://images.openfoodfacts.org/images/products/410/442/005/4004/front_en.115.400.jpg,OFF,8.434
7300400481731,7300400481731,Kn√§ckebr√∂d Vezelrijk,Wasa,√âpicerie sal√©e,Gama,300 g,https://images.openfoodfacts.org/images/products/730/040/048/1731/front_en.38.400.jpg,OFF,8.497
3451790019180,3451790019180,Elle & vire creme dessert vanille,Elle & Vire,√âpicerie sal√©e,Gama,4 x 100 g,https://images.openfoodfacts.org/images/products/345/179/001/9180/front_fr.3.400.jpg,OFF,8.466
4104420017764,4104420017764,Alnatura Waldbeere Hafer Crunchy 4104420017764 Bio  Hafer-Knusper-M√ºsli,Alnatura,Boissons,Gama,375 g,https://images.openfoodfacts.org/images/products/410/442/001/7764/front_en.122.400.jpg,OFF,8.466
5000111041010,5000111041010,Worcestershire Sauce,Lea & Perrins,√âpicerie sal√©e,Gama,150ml,https://images.openfoodfacts.org/images/products/500/011/104/1010/front_de.88.400.jpg,OFF,8.434
5449000237972,5449000237972,Fuzetea Black Tea Peach Hibiscus,COCA COLA,Boissons,Gama,400 ml,https://images.openfoodfacts.org/images/products/544/900/023/7972/front_fr.30.400.jpg,OFF,8.611
7613034077851,7613034077851,Nesquik,Nestl√©,√âpicerie sal√©e,Gama,"1,1 kg e",https://images.openfoodfacts.org/images/products/761/303/407/7851/front_en.75.400.jpg,OFF,8.401
8000430138931,8000430138931,Burrata,Galbani,√âpicerie sal√©e,Gama,150 g (285 g),https://images.openfoodfacts.org/images/products/800/043/013/8931/front_en.71.400.jpg,OFF,8.367
5411188139348,5411188139348,Barista Haver (new),Alpro Soya,√âpicerie sal√©e,Gama,750 ml,https://images.openfoodfacts.org/images/products/541/118/813/9348/front_en.3.400.jpg,OFF,8.611
0613008730734,0613008730734,Originale t√® verde con miele,Arizona,√âpicerie sal√©e,Gama,500 ml,https://images.openfoodfacts.org/images/products/061/300/873/0734/front_en.132.400.jpg,OFF,8.497
8710637105376,8710637105376,Wraps Epeautre Avoine,Authentic Mexicain,Boissons,Gama,62 gram,https://images.openfoodfacts.org/images/products/871/063/710/5376/front_fr.22.400.jpg,OFF,8.367
5411188133490,5411188133490,Caramel Coffee,Alpro,√âpicerie sal√©e,Gama,250ml,https://images.openfoodfacts.org/images/products/541/118/813/3490/front_en.66.400.jpg,OFF,8.367
3159470004029,3159470004029,C√©r√©ales Country Store,Kellogg's,√âpicerie sal√©e,Gama,750 g,https://images.openfoodfacts.org/images/products/315/947/000/4029/front_en.53.400.jpg,OFF,8.296
4104420021242,4104420021242,Erdnussbutter Crunchy,Alnatura,Cr√®merie / Latic√≠nios,Gama,250 g,https://images.openfoodfacts.org/images/products/410/442/002/1242/front_en.99.400.jpg,OFF,8.401
5410013101703,5410013101703,Spa reine,Spa,√âpicerie sal√©e,Gama,1 l,https://images.openfoodfacts.org/images/products/541/001/310/1703/front_en.6.400.jpg,OFF,8.367
4058172320989,4058172320989,Streichcreme - Rote Bete/Meerrettich,DmBio,Bio,Gama,180g,https://images.openfoodfacts.org/images/products/405/817/232/0989/front_de.81.400.jpg,OFF,8.296
4000521661106,4000521661106,Vitalis Schokom√ºsli,Dr. Oetker,√âpicerie sal√©e,Gama,600g,https://images.openfoodfacts.org/images/products/400/052/166/1106/front_de.82.400.jpg,OFF,8.296
8000500026731,8000500026731,Kinder Surprise,Ferrero,√âpicerie sal√©e,Gama,20 g,https://images.openfoodfacts.org/images/products/800/050/002/6731/front_en.150.400.jpg,OFF,8.296
4056489640417,4056489640417,Vegan chocolate with walnuts,Lidl,√âpicerie sucr√©e,Gama,180 g,https://images.openfoodfacts.org/images/products/405/648/964/0417/front_en.23.400.jpg,OFF,8.332
4260582961519,4260582961519,Chillo Pillows - Bio-Kakaokissen,Wholey,Bio,Gama,275 g,https://images.openfoodfacts.org/images/products/426/058/296/1519/front_de.3.400.jpg,OFF,8.296
3155250361818,3155250361818,Pr√©sident tartinable,President,√âpicerie sal√©e,Gama,,https://images.openfoodfacts.org/images/products/315/525/036/1818/front_en.3.400.jpg,OFF,8.296
40081410,40081410,KNAX Gew√ºrzgurken,HENGSTENBERG,√âpicerie sal√©e,Gama,360 g,https://images.openfoodfacts.org/images/products/000/004/008/1410/front_de.149.400.jpg,OFF,8.258
8076808070882,8076808070882,Nudeln Cannelloni,Barilla,√âpicerie sal√©e,Gama,250g,https://images.openfoodfacts.org/images/products/807/680/807/0882/front_de.122.400.jpg,OFF,8.258
8711596005042,8711596005042,Herbamare kruidenzout,A. Vogel,√âpicerie sal√©e,Gama,1 gram,https://images.openfoodfacts.org/images/products/871/159/600/5042/front_nl.31.400.jpg,OFF,8.258
4002971454505,4002971454505,High Protein Erdbeere Joghurt,Ehrmann,Boissons,Gama,1pcs,https://images.openfoodfacts.org/images/products/400/297/145/4505/front_en.21.400.jpg,OFF,8.296
3760324840368,3760324840368,P√¢te √† Tartiner Chocolat Noisettes Bio,La Fourche,Boissons,Gama,"0,70 kg",https://images.openfoodfacts.org/images/products/376/032/484/0368/front_fr.28.400.jpg,OFF,8.332
3760324840573,3760324840573,Pur√©e 100% cacahu√®te,La Fourche,√âpicerie sal√©e,Gama,"0,50 kg",https://images.openfoodfacts.org/images/products/376/032/484/0573/front_fr.69.400.jpg,OFF,8.258
5410146421259,5410146421259,Cottage cheese,Danone,√âpicerie sal√©e,Gama,,https://images.openfoodfacts.org/images/products/541/014/642/1259/front_fr.3.400.jpg,OFF,8.296
3179730100001,3179730100001,Contrex,Contrex,√âpicerie sal√©e,Gama,"1,5 l",https://images.openfoodfacts.org/images/products/317/973/010/0001/front_fr.14.400.jpg,OFF,8.178
3033710065066,3033710065066,NESQUIK Poudre Cacaot√©e bo√Æte 250g,Nestl√©Nesquik,√âpicerie sal√©e,Gama,250 g,https://images.openfoodfacts.org/images/products/303/371/006/5066/front_fr.341.400.jpg,OFF,8.258
3596710074709,3596710074709,Feuillet√©e,Auchan,√âpicerie sal√©e,Gama,0.23 kg,https://images.openfoodfacts.org/images/products/359/671/007/4709/front_fr.116.400.jpg,OFF,8.091
4011800523220,4011800523220,Corny - Schoko-Banane,Corny,Fruits & L√©gumes,Gama,25 g,https://images.openfoodfacts.org/images/products/401/180/052/3220/front_de.46.400.jpg,OFF,8.091
4104420021013,4104420021013,Ahornsirup Grad A,Alnatura,√âpicerie sal√©e,Gama,330 g,https://images.openfoodfacts.org/images/products/410/442/002/1013/front_en.118.400.jpg,OFF,8.091
5201704054176,5201704054176,Feta,KOLI√ìS,√âpicerie sal√©e,Gama,"0,200 kg",https://images.openfoodfacts.org/images/products/520/170/405/4176/front_fr.30.400.jpg,OFF,8.258
8002270015786,8002270015786,Eau gazeuse,Nestl√©,Boissons,Gama,50 cl,https://images.openfoodfacts.org/images/products/800/227/001/5786/front_fr.16.400.jpg,OFF,8.091
20332419,20332419,Salmone selvaggio rosso affumicato Sockeye,Nautica,√âpicerie sal√©e,Gama,100g,https://images.openfoodfacts.org/images/products/000/002/033/2419/front_de.60.400.jpg,OFF,8.178
5400141624083,5400141624083,Margarine om√©ga 3,Boni,√âpicerie sal√©e,Gama,,https://images.openfoodfacts.org/images/products/540/014/162/4083/front_en.4.400.jpg,OFF,8.135
5400141680461,5400141680461,Crunchy muesli au chocolat,Bony,Boissons,Gama,750 g,https://images.openfoodfacts.org/images/products/540/014/168/0461/front_en.3.400.jpg,OFF,8.219
5400141616224,5400141616224,Jus d'orange,Everyday,√âpicerie sal√©e,Gama,1L,https://images.openfoodfacts.org/images/products/540/014/161/6224/front_nl.12.400.jpg,OFF,8.135
5411188139362,5411188139362,Plant protein (chocolate flavour),Alpro,√âpicerie sucr√©e,Gama,250 ml,https://images.openfoodfacts.org/images/products/541/118/813/9362/front_en.5.400.jpg,OFF,8.178
5411188139409,5411188139409,Alpro Barista Almond,Alpro,√âpicerie sal√©e,Gama,750 ml,https://images.openfoodfacts.org/images/products/541/118/813/9409/front_en.3.400.jpg,OFF,8.091
3046920029759,3046920029759,Edelbitterschokolade Mild 90%,Lindt&Spr√ºngli,√âpicerie sal√©e,Gama,100 g,https://images.openfoodfacts.org/images/products/304/692/002/9759/front_en.396.400.jpg,OFF,12.017
3175680011480,3175680011480,S√©same,Gerbl√©,√âpicerie sal√©e,Gama,230g,https://images.openfoodfacts.org/images/products/317/568/001/1480/front_en.221.400.jpg,OFF,11.827
54491472,54491472,"coca cola 0,5",Coca-Cola,Boissons,Gama,0.5l,https://images.openfoodfacts.org/images/products/000/005/449/1472/front_en.573.400.jpg,OFF,11.737
20995553,20995553,Dark Chocolate 85% Cocoa,J.D. Gross,√âpicerie sucr√©e,Gama,125g,https://images.openfoodfacts.org/images/products/000/002/099/5553/front_en.314.400.jpg,OFF,11.654
20724696,20724696,Almonds,Alesto,√âpicerie sal√©e,Gama,200 g,https://images.openfoodfacts.org/images/products/000/002/072/4696/front_en.384.400.jpg,OFF,11.582
20267605,20267605,Cashewkerne,Alesto,√âpicerie sal√©e,Gama,200g,https://images.openfoodfacts.org/images/products/000/002/026/7605/front_en.470.400.jpg,OFF,11.574
5449000214911,5449000214911,Coca-Cola,Coca-Cola,Boissons,Gama,330 ml,https://images.openfoodfacts.org/images/products/544/900/021/4911/front_fr.293.400.jpg,OFF,11.547
5449000214799,5449000214799,Coca-Cola Zero,Coca-Cola,Boissons,Gama,330 ml e,https://images.openfoodfacts.org/images/products/544/900/021/4799/front_en.272.400.jpg,OFF,11.443
3046920022651,3046920022651,Excellence Noir Intense 70% Cacao,Lindt,√âpicerie sal√©e,Gama,100 g,https://images.openfoodfacts.org/images/products/304/692/002/2651/front_en.159.400.jpg,OFF,11.395
7622210584724,7622210584724,Dark chocolate,Green and black,√âpicerie sucr√©e,Gama,90g,https://images.openfoodfacts.org/images/products/762/221/058/4724/front_en.95.400.jpg,OFF,11.326
3046920022606,3046920022606,Excellence Noir Puissant 85% Cacao,Lindt,√âpicerie sal√©e,Gama,100g,https://images.openfoodfacts.org/images/products/304/692/002/2606/front_en.102.400.jpg,OFF,11.306
3155251205296,3155251205296,Tartine Doux,Primev√®re,√âpicerie sal√©e,Gama,250 g,https://images.openfoodfacts.org/images/products/315/525/120/5296/front_en.149.400.jpg,OFF,11.275
20022464,20022464,NOIR INTENSE 74% CACAO,fin CARR√â,√âpicerie sal√©e,Gama,100 g ‚ÑÆ,https://images.openfoodfacts.org/images/products/000/002/002/2464/front_en.301.400.jpg,OFF,11.263
3760020507350,3760020507350,Pur beurre de cacahu√®te,Jardin Bio,Bio,Gama,350 g,https://images.openfoodfacts.org/images/products/376/002/050/7350/front_en.257.400.jpg,OFF,11.223
7300400481588,7300400481588,FIBRES,Wasa,√âpicerie sal√©e,Gama,230 g,https://images.openfoodfacts.org/images/products/730/040/048/1588/front_en.269.400.jpg,OFF,11.227
8076809513753,8076809513753,PESTO alla GENOVESE,Barilla,√âpicerie sal√©e,Gama,190 g e,https://images.openfoodfacts.org/images/products/807/680/951/3753/front_en.347.400.jpg,OFF,11.186
3046920028004,3046920028004,Excellence 70% Cocoa Intense Dark,Lindt,√âpicerie sal√©e,Gama,100 g,https://images.openfoodfacts.org/images/products/304/692/002/8004/front_en.224.400.jpg,OFF,11.392
59032823,59032823,nutella,Ferrero,√âpicerie sal√©e,Gama,630 g (42 x 15 g),https://images.openfoodfacts.org/images/products/000/005/903/2823/front_fr.255.400.jpg,OFF,11.142
5449000054227,5449000054227,Original Taste,Coca-Cola,Boissons,Gama,1 l,https://images.openfoodfacts.org/images/products/544/900/005/4227/front_en.406.400.jpg,OFF,11.182
5449000131805,5449000131805,Coca-Cola Zero,Coca-Cola,Boissons,Gama,330 ml,https://images.openfoodfacts.org/images/products/544/900/013/1805/front_en.687.400.jpg,OFF,11.096
5449000131836,5449000131836,Zero Sugar,Coca-Cola,Boissons,Gama,500 ml,https://images.openfoodfacts.org/images/products/544/900/013/1836/front_en.354.400.jpg,OFF,11.14
3175681851849,3175681851849,Pomme üçè üçé Noisetteü•ú,Gerbl√©,Fruits & L√©gumes,Gama,230 g,https://images.openfoodfacts.org/images/products/317/568/185/1849/front_en.216.400.jpg,OFF,11.084
20003166,20003166,Zarte Haferflocken,Crownfield,√âpicerie sal√©e,Gama,500g,https://images.openfoodfacts.org/images/products/000/002/000/3166/front_en.460.400.jpg,OFF,11.054
3046920028363,3046920028363,Excellence 85% Cacao Rich Dark,Lindt,√âpicerie sal√©e,Gama,100 g,https://images.openfoodfacts.org/images/products/304/692/002/8363/front_en.432.400.jpg,OFF,11.148
20095291,20095291,Dark Chocolate 70%,J.D. Gross,√âpicerie sucr√©e,Gama,125g,https://images.openfoodfacts.org/images/products/000/002/009/5291/front_en.270.400.jpg,OFF,11.021
3229820019307,3229820019307,Flocons d'avoine,Bjorg,√âpicerie sal√©e,Gama,500 g,https://images.openfoodfacts.org/images/products/322/982/001/9307/front_fr.300.400.jpg,OFF,10.986
8410076801180,8410076801180,Crunchy oats & honey,Nature Valley,√âpicerie sal√©e,Gama,42 g,https://images.openfoodfacts.org/images/products/841/007/680/1180/front_en.135.400.jpg,OFF,11.004
3251490332080,3251490332080,Figue & son,Gerbl√©,√âpicerie sal√©e,Gama,210 g,https://images.openfoodfacts.org/images/products/325/149/033/2080/front_en.125.400.jpg,OFF,10.971
3046920028721,3046920028721,Bitter Extra Kraftig,Lindt&Spr√ºngli,√âpicerie sal√©e,Gama,50 g,https://images.openfoodfacts.org/images/products/304/692/002/8721/front_en.295.400.jpg,OFF,10.958
5449000000439,5449000000439,Coca-Cola,Coca-Cola,Boissons,Gama,1.5l,https://images.openfoodfacts.org/images/products/544/900/000/0439/front_en.292.400.jpg,OFF,11.016
7613035040823,7613035040823,Nestl√© Dessert,Nestl√©,√âpicerie sal√©e,Gama,205g,https://images.openfoodfacts.org/images/products/761/303/504/0823/front_en.357.400.jpg,OFF,10.945
3256540000698,3256540000698,Pains au lait x10,Pasquier,Cr√®merie / Latic√≠nios,Gama,350 g,https://images.openfoodfacts.org/images/products/325/654/000/0698/front_fr.201.400.jpg,OFF,10.969
3033710073467,3033710073467,RICORE Original,Nestl√©,√âpicerie sal√©e,Gama,100 g,https://images.openfoodfacts.org/images/products/303/371/007/3467/front_en.330.400.jpg,OFF,10.956
3225350000501,3225350000501,BLE 70CL CITRON PULCO,Orangina Schweppes France,√âpicerie sal√©e,Gama,0.7l,https://images.openfoodfacts.org/images/products/322/535/000/0501/front_fr.168.400.jpg,OFF,10.897
8076809523547,8076809523547,Pesto Rosso,Barilla,√âpicerie sal√©e,Gama,200 g,https://images.openfoodfacts.org/images/products/807/680/952/3547/front_en.440.400.jpg,OFF,10.9
40896243,40896243,Bio Chocolat Noir Cacao 70%,Fairglobe,Boissons,Gama,100 g,https://images.openfoodfacts.org/images/products/000/004/089/6243/front_en.168.400.jpg,OFF,10.953
5411188103387,5411188103387,Vanille au soja,alpro,√âpicerie sal√©e,Gama,500 g,https://images.openfoodfacts.org/images/products/541/118/810/3387/front_en.319.400.jpg,OFF,10.861
3229820129488,3229820129488,"Muesli Raisin, Figue, Abricot",Bjorg,√âpicerie sal√©e,Gama,375 g,https://images.openfoodfacts.org/images/products/322/982/012/9488/front_fr.238.400.jpg,OFF,10.832
3033710084913,3033710084913,Arome MAGGI,Nestl√©,√âpicerie sal√©e,Gama,200ml,https://images.openfoodfacts.org/images/products/303/371/008/4913/front_en.257.400.jpg,OFF,10.889
3088542500285,3088542500285,Sirop d'√©rable ambr√© go√ªt riche,Maple joe,√âpicerie sal√©e,Gama,250g - 190ml,https://images.openfoodfacts.org/images/products/308/854/250/0285/front_en.218.400.jpg,OFF,10.846
7622210601988,7622210601988,Granola L'Original,LU,√âpicerie sal√©e,Gama,200 g e,https://images.openfoodfacts.org/images/products/762/221/060/1988/front_en.168.400.jpg,OFF,10.849
80052760,80052760,2 Bars Milk and Hazelnuts,Kinder,√âpicerie sal√©e,Gama,"43 g (2 x 21,5 g)",https://images.openfoodfacts.org/images/products/000/008/005/2760/front_en.168.400.jpg,OFF,10.855
5010477348678,5010477348678,Special Muesli 30% fruits & noix,Jordans,√âpicerie sal√©e,Gama,750 g,https://images.openfoodfacts.org/images/products/501/047/734/8678/front_fr.226.400.jpg,OFF,10.814
5053990101573,5053990101573,Pringles Sare,Pringles,√âpicerie sal√©e,Gama,165 g,https://images.openfoodfacts.org/images/products/505/399/010/1573/front_en.44.400.jpg,OFF,10.838
3061990143365,3061990143365,Biscuits go√ªt chocolat,BN,√âpicerie sucr√©e,Gama,285 g,https://images.openfoodfacts.org/images/products/306/199/014/3365/front_en.95.400.jpg,OFF,10.784
8720182556738,8720182556738,Maille Moutarde Fine de Dijon L'Originale Bocal 360g,Maille,√âpicerie sal√©e,Gama,360 g,https://images.openfoodfacts.org/images/products/872/018/255/6738/front_fr.46.400.jpg,OFF,10.79
8410076610737,8410076610737,Protein Cacahuetesü•ú & Chocolatüç´,Nature Valley,Boissons,Gama,160 g (4x40 g),https://images.openfoodfacts.org/images/products/841/007/661/0737/front_fr.68.400.jpg,OFF,10.73
3327272107259,3327272107259,Menguy's Beurre de cacahu√®tes creamy,Menguy's,√âpicerie sal√©e,Gama,454 g,https://images.openfoodfacts.org/images/products/332/727/210/7259/front_en.49.400.jpg,OFF,10.724
3229820787015,3229820787015,BjORG AMANDE ALMOND SANS SUGRES- NO SUGAR,BjORG,√âpicerie sal√©e,Gama,1 l,https://images.openfoodfacts.org/images/products/322/982/078/7015/front_en.165.400.jpg,OFF,10.753
90338243,90338243,Coca-Cola original taste,Coca-Cola,Boissons,Gama,250 ml,https://images.openfoodfacts.org/images/products/000/009/033/8243/front_fr.71.400.jpg,OFF,10.823
3175680011534,3175680011534,Biscuit lait chocolat,Gerbl√©,Cr√®merie / Latic√≠nios,Gama,230 g,https://images.openfoodfacts.org/images/products/317/568/001/1534/front_en.149.400.jpg,OFF,10.68
5411188119098,5411188119098,Natur mit Kokosnuss,Alpro,√âpicerie sal√©e,Gama,"0,5 kg",https://images.openfoodfacts.org/images/products/541/118/811/9098/front_en.393.400.jpg,OFF,10.717
3229820782560,3229820782560,"Muesli SuperFruits Raisins, cassis,cranberry, myrtille",Bjorg,√âpicerie sal√©e,Gama,375g,https://images.openfoodfacts.org/images/products/322/982/078/2560/front_fr.195.400.jpg,OFF,10.737
5411188115366,5411188115366,Oat,Alpro,√âpicerie sal√©e,Gama,1 l,https://images.openfoodfacts.org/images/products/541/118/811/5366/front_en.230.400.jpg,OFF,10.771
3175681105423,3175681105423,Cookieüç™ cacao p√©pites Sans Sucre,Gerbl√©,√âpicerie sucr√©e,Gama,130 g,https://images.openfoodfacts.org/images/products/317/568/110/5423/front_en.80.400.jpg,OFF,10.7
16811207,16811207,petit d√©jeuner miel et p√©pites de chocolat,belvita,Boissons,Gama,435 g,https://images.openfoodfacts.org/images/products/000/001/681/1207/front_en.96.400.jpg,OFF,10.659
3392460480827,3392460480827,Biscottes 6 C√©r√©ales,Heudebert,√âpicerie sal√©e,Gama,300 g,https://images.openfoodfacts.org/images/products/339/246/048/0827/front_en.72.400.jpg,OFF,10.684
7394376616501,7394376616501,Haferdrink Barista,Oatly,√âpicerie sal√©e,Gama,1l,https://images.openfoodfacts.org/images/products/739/437/661/6501/front_en.190.400.jpg,OFF,10.69
8715700407760,8715700407760,Tomato Ketchup BIO,Heinz,Bio,Gama,580 g,https://images.openfoodfacts.org/images/products/871/570/040/7760/front_en.141.400.jpg,OFF,10.628
4056489141877,4056489141877,Huile d'olive vierge extra,Lidl,√âpicerie sal√©e,Gama,1 L,https://images.openfoodfacts.org/images/products/405/648/914/1877/front_en.93.400.jpg,OFF,10.677
3168930009078,3168930009078,Flocons d'avoine compl√®te,Quaker,√âpicerie sal√©e,Gama,550 g,https://images.openfoodfacts.org/images/products/316/893/000/9078/front_en.148.400.jpg,OFF,10.638
5053990167807,5053990167807,Pringles Original,Kellogg's,√âpicerie sal√©e,Gama,165g,https://images.openfoodfacts.org/images/products/505/399/016/7807/front_en.86.400.jpg,OFF,10.663
5053990107339,5053990107339,Pringles,PRINGLES,√âpicerie sal√©e,Gama,40g,https://images.openfoodfacts.org/images/products/505/399/010/7339/front_fr.86.400.jpg,OFF,10.704
5010477348357,5010477348357,Country Crisp 4 noix,Jordans,√âpicerie sal√©e,Gama,550 g,https://images.openfoodfacts.org/images/products/501/047/734/8357/front_fr.209.400.jpg,OFF,10.628
8712100338694,8712100338694,Maizena Fleur de Ma√Øs Sans Gluten 400g,Ma√Øzena,√âpicerie sal√©e,Gama,400 g,https://images.openfoodfacts.org/images/products/871/210/033/8694/front_en.258.400.jpg,OFF,10.613
7613035530799,7613035530799,NESQUIK Moins de Sucres,Nestl√©,√âpicerie sucr√©e,Gama,350 g,https://images.openfoodfacts.org/images/products/761/303/553/0799/front_en.199.400.jpg,OFF,10.649
3033710065783,3033710065783,Le Choco,Nestl√©,√âpicerie sal√©e,Gama,500 g,https://images.openfoodfacts.org/images/products/303/371/006/5783/front_en.184.400.jpg,OFF,10.628
20000653,20000653,Doce Extra Morango,Lidl,√âpicerie sal√©e,Gama,450g,https://images.openfoodfacts.org/images/products/000/002/000/0653/front_en.176.400.jpg,OFF,10.591
3329757002998,3329757002998,Poudre stevia,Pure Via,√âpicerie sal√©e,Gama,250 g,https://images.openfoodfacts.org/images/products/332/975/700/2998/front_fr.142.400.jpg,OFF,10.576
8000500082379,8000500082379,nutella,Ferrero,√âpicerie sal√©e,Gama,1000g,https://images.openfoodfacts.org/images/products/800/050/008/2379/front_en.146.400.jpg,OFF,10.617
5060088707685,5060088707685,Barres de fruits secs & noix Myrtilles,Nakd.,√âpicerie sal√©e,Gama,140 g,https://images.openfoodfacts.org/images/products/506/008/870/7685/front_en.105.400.jpg,OFF,10.591
5060088700112,5060088700112,Protein Cocoa Hazelnut Bars,Nakd,√âpicerie sal√©e,Gama,135 g,https://images.openfoodfacts.org/images/products/506/008/870/0112/front_en.30.400.jpg,OFF,10.591
3251490307002,3251490307002,Go√ªter p√©pites de chocolat,Gerbl√©,√âpicerie sucr√©e,Gama,"3 sachets de 4 biscuits, 250g",https://images.openfoodfacts.org/images/products/325/149/030/7002/front_fr.96.400.jpg,OFF,10.541
3254380008430,3254380008430,"CRISTALINE Eau De Source P√©tillante 1,5L",Cristaline,Boissons,Gama,1500 ml,https://images.openfoodfacts.org/images/products/325/438/000/8430/front_fr.192.400.jpg,OFF,10.568
3229820769165,3229820769165,Muesli avoine chocolat bio,Bjorg,Boissons,Gama,375 g,https://images.openfoodfacts.org/images/products/322/982/076/9165/front_en.148.400.jpg,OFF,10.537
87157277,87157277,Tomaten Ketchup,Heinz,Fruits & L√©gumes,Gama,910g,https://images.openfoodfacts.org/images/products/000/008/715/7277/front_en.53.400.jpg,OFF,10.572
6410500090014,6410500090014,Finn Crisp - Original,Finn Crisp,√âpicerie sal√©e,Gama,200 g,https://images.openfoodfacts.org/images/products/641/050/009/0014/front_en.220.400.jpg,OFF,10.561
80761761,80761761,Bueno White,Kinder,√âpicerie sal√©e,Gama,39 g,https://images.openfoodfacts.org/images/products/000/008/076/1761/front_en.432.400.jpg,OFF,10.537
5411188118121,5411188118121,"Fermentiertes Sojaprodukt, Unges√º√üt",Alpro,√âpicerie sal√©e,Gama,0.5 kg,https://images.openfoodfacts.org/images/products/541/118/811/8121/front_en.213.400.jpg,OFF,10.537
3161711001971,3161711001971,Caprice des dieux,Caprice des Dieux,√âpicerie sal√©e,Gama,300g,https://images.openfoodfacts.org/images/products/316/171/100/1971/front_en.120.400.jpg,OFF,10.525
4056489028109,4056489028109,Shot de gingembre bio,Solevita,Bio,Gama,150ml,https://images.openfoodfacts.org/images/products/405/648/902/8109/front_en.229.400.jpg,OFF,10.583
3228021170039,3228021170039,PRESIDENT CAMEMBERT 250g,Lactalis,√âpicerie sal√©e,Gama,0.25 kg,https://images.openfoodfacts.org/images/products/322/802/117/0039/front_fr.182.400.jpg,OFF,10.513
8445290133403,8445290133403,Nesquik,Nestl√©,√âpicerie sal√©e,Gama,300 g,https://images.openfoodfacts.org/images/products/844/529/013/3403/front_fr.103.400.jpg,OFF,10.501
5053990127726,5053990127726,Pringles Original,Pringles,√âpicerie sal√©e,Gama,165g,https://images.openfoodfacts.org/images/products/505/399/012/7726/front_en.68.400.jpg,OFF,10.525
7622210713889,7622210713889,Belvita Original Petit-D√©jeuner miel et p√©pites de chocolat,LU,Boissons,Gama,440 g,https://images.openfoodfacts.org/images/products/762/221/071/3889/front_fr.208.400.jpg,OFF,10.501
7622210421968,7622210421968,V√©ritable Petit √âcolier Chocolat au Lait,LU,Cr√®merie / Latic√≠nios,Gama,150 g (12x 12.5 g) e,https://images.openfoodfacts.org/images/products/762/221/042/1968/front_fr.146.400.jpg,OFF,10.517
3155250364772,3155250364772,Primev√®re Tartine & Cuisson,Primev√®re,√âpicerie sal√©e,Gama,250 g,https://images.openfoodfacts.org/images/products/315/525/036/4772/front_en.113.400.jpg,OFF,10.485
5060283760072,5060283760072,Proper Corn Sweet & Salty,Popper Corn,√âpicerie sal√©e,Gama,28 gram,https://images.openfoodfacts.org/images/products/506/028/376/0072/front_en.23.400.jpg,OFF,10.464
4056489471264,4056489471264,Edelbitter Mild 90%,J.D. Gross,√âpicerie sal√©e,Gama,125 g,https://images.openfoodfacts.org/images/products/405/648/947/1264/front_en.122.400.jpg,OFF,10.472
3017760000062,3017760000062,V√©ritable Petit Beurre Pocket,lu,√âpicerie sal√©e,Gama,300 g,https://images.openfoodfacts.org/images/products/301/776/000/0062/front_en.70.400.jpg,OFF,10.455
7622210100917,7622210100917,Milka galette choco,Milka,√âpicerie sal√©e,Gama,260 g,https://images.openfoodfacts.org/images/products/762/221/010/0917/front_en.114.400.jpg,OFF,10.447
8076802085738,8076802085738,Penne Rigate N¬∞73,Barilla,√âpicerie sal√©e,Gama,500 g,https://images.openfoodfacts.org/images/products/807/680/208/5738/front_en.3506.400.jpg,OFF,10.472
5449000267412,5449000267412,COCA COLA PET 1.25L CT,Coca-Cola,Boissons,Gama,"1,25 L",https://images.openfoodfacts.org/images/products/544/900/026/7412/front_en.94.400.jpg,OFF,10.434
20005719,20005719,Pistaches de Californie,Alesto,√âpicerie sal√©e,Gama,250 g,https://images.openfoodfacts.org/images/products/000/002/000/5719/front_en.171.400.jpg,OFF,10.468
5411188115472,5411188115472,Soyamilch,ALPRO,√âpicerie sal√©e,Gama,1 l,https://images.openfoodfacts.org/images/products/541/118/811/5472/front_en.253.400.jpg,OFF,10.442
8410076610621,8410076610621,"Sweet & Salty Nut chocolat noir et m√©lange de noix, 5 barres de 30 g",General Mills France,Boissons,Gama,150 g ‚ÑÆ,https://images.openfoodfacts.org/images/products/841/007/661/0621/front_en.83.400.jpg,OFF,10.403
3088542506508,3088542506508,Sirop d'agave,Sunny Bio,Bio,Gama,500 g,https://images.openfoodfacts.org/images/products/308/854/250/6508/front_en.83.400.jpg,OFF,10.421
3412290070071,3412290070071,Paysan Breton - Le Fromage Fouett√© Madame Lo√Øk - Nature au Sel de Gu√©rande,Le Fromage Fouett√© Madame Lo√Øk,Cr√®merie / Latic√≠nios,Gama,320 g,https://images.openfoodfacts.org/images/products/341/229/007/0071/front_fr.52.400.jpg,OFF,10.389
7613035833272,7613035833272,Perrier,Nestl√©,√âpicerie sal√©e,Gama,1 l,https://images.openfoodfacts.org/images/products/761/303/583/3272/front_en.149.400.jpg,OFF,10.398
3168930002987,3168930002987,Lay's Cuites au four nature,Lay‚Äôs,√âpicerie sal√©e,Gama,130 g,https://images.openfoodfacts.org/images/products/316/893/000/2987/front_en.134.400.jpg,OFF,10.394
3168930010906,3168930010906,Cruesli Chocolat noir,QUAKER,Boissons,Gama,450 g,https://images.openfoodfacts.org/images/products/316/893/001/0906/front_en.99.400.jpg,OFF,10.394
4000177158319,4000177158319,Multivitamin Capri-Sun,Capri-Sun,√âpicerie sal√©e,Gama,200 ml,https://images.openfoodfacts.org/images/products/400/017/715/8319/front_en.75.400.jpg,OFF,10.606
5000112611861,5000112611861,PET 1.75L COCA,Coca-Cola,Boissons,Gama,1.75 L ‚ÑÆ,https://images.openfoodfacts.org/images/products/500/011/261/1861/front_fr.166.400.jpg,OFF,10.371
3251491787810,3251491787810,Go√ªter aux raisins,Gerbl√©,√âpicerie sal√©e,Gama,360 g,https://images.openfoodfacts.org/images/products/325/149/178/7810/front_en.127.400.jpg,OFF,10.403
7613035866386,7613035866386,CONTREX eau min√©rale naturelle,Contrex,Boissons,Gama,1.5 L,https://images.openfoodfacts.org/images/products/761/303/586/6386/front_fr.271.400.jpg,OFF,10.347
8076809529433,8076809529433,Barilla Penne Rigate Fullkorn 500g,Barilla,√âpicerie sal√©e,Gama,500g,https://images.openfoodfacts.org/images/products/807/680/952/9433/front_en.397.400.jpg,OFF,10.347
8715035110304,8715035110304,Sauce soja,Kikkoman,√âpicerie sal√©e,Gama,250ml,https://images.openfoodfacts.org/images/products/871/503/511/0304/front_en.111.400.jpg,OFF,10.394
5053990107384,5053990107384,Pringles sour cream,Pringles,√âpicerie sal√©e,Gama,40g,https://images.openfoodfacts.org/images/products/505/399/010/7384/front_en.106.400.jpg,OFF,10.38
7614500010013,7614500010013,Toblerone,Tobler,√âpicerie sal√©e,Gama,100 g,https://images.openfoodfacts.org/images/products/761/450/001/0013/front_en.299.400.jpg,OFF,10.366
3017760363990,3017760363990,Heudebert Fibre +,Heudebert,√âpicerie sal√©e,Gama,280 grammes,https://images.openfoodfacts.org/images/products/301/776/036/3990/front_fr.120.400.jpg,OFF,10.352
3228857000906,3228857000906,Pain AMS complet,Harrys,√âpicerie sal√©e,Gama,600 g,https://images.openfoodfacts.org/images/products/322/885/700/0906/front_fr.1359.400.jpg,OFF,10.333
3023470001015,3023470001015,Galettes St Michel au beurre 4X5 - 130g,St michel,√âpicerie sal√©e,Gama,130 g,https://images.openfoodfacts.org/images/products/302/347/000/1015/front_fr.306.400.jpg,OFF,10.338
8445291061132,8445291061132,HEPAR,hepar 75cl,√âpicerie sal√©e,Gama,75cL,https://images.openfoodfacts.org/images/products/844/529/106/1132/front_fr.3.400.jpg,OFF,10.394
3175681116832,3175681116832,"Gerbl√© - Sugar Free Coconut Cookie, 132g (4.7oz)",Gerbl√©,√âpicerie sal√©e,Gama,132 g,https://images.openfoodfacts.org/images/products/317/568/111/6832/front_en.91.400.jpg,OFF,10.371
3033710074525,3033710074525,NESCAF√â SPECIAL FILTRE L'Original Flacon de 200g,Nestl√©,√âpicerie sal√©e,Gama,200 g,https://images.openfoodfacts.org/images/products/303/371/007/4525/front_en.196.400.jpg,OFF,10.318
7622210444141,7622210444141,Biscuits petit d√©jeuner moelleux aux p√©pites de chocolat,LU,√âpicerie sucr√©e,Gama,250 g,https://images.openfoodfacts.org/images/products/762/221/044/4141/front_fr.146.400.jpg,OFF,10.323
7613287514325,7613287514325,Fitness Nature C√©r√©ales compl√®tes,Nestle,√âpicerie sal√©e,Gama,475 g,https://images.openfoodfacts.org/images/products/761/328/751/4325/front_fr.166.400.jpg,OFF,10.371
3033491588136,3033491588136,HIPRO Saveur Vanille,Hipro,√âpicerie sal√©e,Gama,320g (2x160g),https://images.openfoodfacts.org/images/products/303/349/158/8136/front_fr.110.400.jpg,OFF,10.308
20656935,20656935,P√©tillante saveur Citron,Lidl,√âpicerie sal√©e,Gama,1 l,https://images.openfoodfacts.org/images/products/000/002/065/6935/front_fr.93.400.jpg,OFF,10.293
7622300336738,7622300336738,Oreo Original,Mondelez,√âpicerie sal√©e,Gama,154 g,https://images.openfoodfacts.org/images/products/762/230/033/6738/front_en.343.400.jpg,OFF,10.313
8711200548002,8711200548002,mayonnaise de Dijon,amora,√âpicerie sal√©e,Gama,415 g,https://images.openfoodfacts.org/images/products/871/120/054/8002/front_fr.216.400.jpg,OFF,10.412
3168930009795,3168930009795,Muesli Croustillant Noix de p√©can & noix du Br√©sil,Muesli Croustillant,√âpicerie sal√©e,Gama,500 g,https://images.openfoodfacts.org/images/products/316/893/000/9795/front_fr.96.400.jpg,OFF,10.263
5053990127740,5053990127740,Pringles,Pringles,√âpicerie sal√©e,Gama,165g,https://images.openfoodfacts.org/images/products/505/399/012/7740/front_en.87.400.jpg,OFF,10.293
8410076801197,8410076801197,"Crunchy Oats and Dark chocolate, 2 Barres de 21 g",Nature Valley,√âpicerie sucr√©e,Gama,42 g,https://images.openfoodfacts.org/images/products/841/007/680/1197/front_en.69.400.jpg,OFF,10.278
20019907,20019907,Succo di limone,Italiamo,√âpicerie sal√©e,Gama,200ml,https://images.openfoodfacts.org/images/products/000/002/001/9907/front_en.187.400.jpg,OFF,10.313
20416690,20416690,Iogurte Estilo Grego,Milbona,Cr√®merie / Latic√≠nios,Gama,150 gram,https://images.openfoodfacts.org/images/products/000/002/041/6690/front_en.175.400.jpg,OFF,10.288
8000500267035,8000500267035,Cacao,Kinder,√âpicerie sal√©e,Gama,39 g,https://images.openfoodfacts.org/images/products/800/050/026/7035/front_es.169.400.jpg,OFF,10.252
5411188118961,5411188118961,"Alpro Joghurtalternative auf Sojabasis, Natur mit Mandeln, 500 g, 31",Alpro,√âpicerie sal√©e,Gama,0.5 kg,https://images.openfoodfacts.org/images/products/541/118/811/8961/front_de.129.400.jpg,OFF,10.263
5411188099154,5411188099154,Alpro Plain,Alpro,√âpicerie sal√©e,Gama,100 gram,https://images.openfoodfacts.org/images/products/541/118/809/9154/front_en.180.400.jpg,OFF,10.242
3560070614202,3560070614202,Oat flakes,Carrefour,√âpicerie sal√©e,Gama,500 g,https://images.openfoodfacts.org/images/products/356/007/061/4202/front_en.112.400.jpg,OFF,10.22
3760020508012,3760020508012,Tartines craquantes Sarrasin,JARDIN BIO ETIC,Bio,Gama,150 g,https://images.openfoodfacts.org/images/products/376/002/050/8012/front_fr.187.400.jpg,OFF,10.215
8013355999143,8013355999143,Gocciole classiche pav 500 gr,Pavesi,√âpicerie sal√©e,Gama,500 g,https://images.openfoodfacts.org/images/products/801/335/599/9143/front_en.116.400.jpg,OFF,10.263
0898999000503,0898999000503,Coconut Water The Original,Vita Coco,√âpicerie sal√©e,Gama,1 l,https://images.openfoodfacts.org/images/products/089/899/900/0503/front_en.163.400.jpg,OFF,10.22
20621483,20621483,Bran Flakes,Crownfield,√âpicerie sal√©e,Gama,500 g,https://images.openfoodfacts.org/images/products/000/002/062/1483/front_en.206.400.jpg,OFF,10.236
3700214611548,3700214611548,Noir equitable 85% P√©rou,Alter Eco,√âpicerie sal√©e,Gama,100 g e,https://images.openfoodfacts.org/images/products/370/021/461/1548/front_fr.129.400.jpg,OFF,10.242
50184385,50184385,marmite,Marmite,√âpicerie sal√©e,Gama,125 g ‚ÑÆ,https://images.openfoodfacts.org/images/products/000/005/018/4385/front_en.82.400.jpg,OFF,10.273
80042563,80042563,famila Mutti Solo Pomodoro Parma Passierte italienische Tomaten 700g 1.99‚Ç¨ 1kg 2.84‚Ç¨,MUTTI,Fruits & L√©gumes,Gama,700 gram,https://images.openfoodfacts.org/images/products/000/008/004/2563/front_fr.103.400.jpg,OFF,10.226
5449000131843,5449000131843,Coca-Cola Zero,Coke,Boissons,Gama,2L,https://images.openfoodfacts.org/images/products/544/900/013/1843/front_en.215.400.jpg,OFF,10.209
3124480184344,3124480184344,Orangina,Orangina,√âpicerie sal√©e,Gama,33 cl e,https://images.openfoodfacts.org/images/products/312/448/018/4344/front_en.104.400.jpg,OFF,10.182
3451790988813,3451790988813,Le Beurre Tendre Demi-Sel Barquette,Elle & Vire,√âpicerie sal√©e,Gama,250 g,https://images.openfoodfacts.org/images/products/345/179/098/8813/front_en.122.400.jpg,OFF,10.22
5053990161966,5053990161966,Pringles Texas BBQ 165g ajman,Pringles,√âpicerie sal√©e,Gama,165g,https://images.openfoodfacts.org/images/products/505/399/016/1966/front_en.64.400.jpg,OFF,10.226
8000500037560,8000500037560,Kinder Bueno,Kinder,√âpicerie sal√©e,Gama,43g,https://images.openfoodfacts.org/images/products/800/050/003/7560/front_en.192.400.jpg,OFF,10.176
5411188110842,5411188110842,Rich and indulgent Hazelnut,Promise Gluten Free,√âpicerie sal√©e,Gama,1 l,https://images.openfoodfacts.org/images/products/541/118/811/0842/front_en.286.400.jpg,OFF,10.17
8076809513388,8076809513388,Arrabbiata,Barilla,√âpicerie sal√©e,Gama,400 g,https://images.openfoodfacts.org/images/products/807/680/951/3388/front_en.191.400.jpg,OFF,10.159
5000112611878,5000112611878,PET 1.75L COCA COLA¬Æ Z√àRO,Coca-Cola¬Æ,Boissons,Gama,"1,75 L e",https://images.openfoodfacts.org/images/products/500/011/261/1878/front_fr.174.400.jpg,OFF,10.142
3270190127765,3270190127765,Chocolate negro,Carrefour BIO,√âpicerie sucr√©e,Gama,100 g,https://images.openfoodfacts.org/images/products/327/019/012/7765/front_en.168.400.jpg,OFF,10.136
50112784,50112784,Lemon,Aquarius,√âpicerie sal√©e,Gama,500 ml,https://images.openfoodfacts.org/images/products/000/005/011/2784/front_en.136.400.jpg,OFF,10.176
3502110009357,3502110009357,Pepsi Max,Pepsi zero,√âpicerie sal√©e,Gama,"1,5 L",https://images.openfoodfacts.org/images/products/350/211/000/9357/front_en.101.400.jpg,OFF,10.147
3560070910366,3560070910366,Huile d'olive vierge extra,Carrefour BIO,√âpicerie sal√©e,Gama,1 l,https://images.openfoodfacts.org/images/products/356/007/091/0366/front_fr.104.400.jpg,OFF,10.159
3229820798110,3229820798110,Granola Chocolat,Bjorg,Boissons,Gama,350 g,https://images.openfoodfacts.org/images/products/322/982/079/8110/front_fr.124.400.jpg,OFF,10.1
50184453,50184453,Marmite Yeast Extract,Marmite,√âpicerie sal√©e,Gama,250 g,https://images.openfoodfacts.org/images/products/000/005/018/4453/front_en.78.400.jpg,OFF,12.143
7622210578464,7622210578464,Organic 70% Dark Chocolate Bar,Green & Black's,√âpicerie sucr√©e,Gama,90g,https://images.openfoodfacts.org/images/products/762/221/057/8464/front_en.29.400.jpg,OFF,11.46
6111018903161,6111018903161,Nescaf√© Classic,Nestl√©,√âpicerie sal√©e,Gama,45 g,https://images.openfoodfacts.org/images/products/611/101/890/3161/front_fr.41.400.jpg,OFF,11.562
7394376616228,7394376616228,Oat Drink Barista Edition,Oatly,√âpicerie sal√©e,Gama,1l,https://images.openfoodfacts.org/images/products/739/437/661/6228/front_en.174.400.jpg,OFF,11.431
6111203001467,6111203001467,margarine la prairie 225g,la Prairie,√âpicerie sal√©e,Gama,250g,https://images.openfoodfacts.org/images/products/611/120/300/1467/front_fr.24.400.jpg,OFF,11.465
8000500310427,8000500310427,Biscuits croquants au coeur onctueux de Nutella¬Æ,Nutella,√âpicerie sucr√©e,Gama,304 g,https://images.openfoodfacts.org/images/products/800/050/031/0427/front_fr.356.400.jpg,OFF,11.409
7300400481595,7300400481595,Tartine croustillante Authentique,wasa,√âpicerie sal√©e,Gama,275 g,https://images.openfoodfacts.org/images/products/730/040/048/1595/front_fr.219.400.jpg,OFF,11.358
8052575090230,8052575090230,Nocciolata,Rigoni Di Asiago,√âpicerie sal√©e,Gama,250 g,https://images.openfoodfacts.org/images/products/805/257/509/0230/front_en.58.400.jpg,OFF,11.33
3608580065340,3608580065340,P√¢te √† tartiner noisettes et cacao,Bonne Maman,√âpicerie sal√©e,Gama,360 g,https://images.openfoodfacts.org/images/products/360/858/006/5340/front_en.50.400.jpg,OFF,11.332
5010029000016,5010029000016,Weetabix,Weetabix,√âpicerie sal√©e,Gama,430 g,https://images.openfoodfacts.org/images/products/501/002/900/0016/front_en.34.400.jpg,OFF,11.344
5060042641000,5060042641000,Lightly sea salted crisps,Tyrrell's,√âpicerie sal√©e,Gama,150 g,https://images.openfoodfacts.org/images/products/506/004/264/1000/front_en.179.400.jpg,OFF,11.354
6111242100220,6111242100220,Lait Entier UHT,Jaouda,Cr√®merie / Latic√≠nios,Gama,500 ml,https://images.openfoodfacts.org/images/products/611/124/210/0220/front_fr.4.400.jpg,OFF,11.332
5013665100065,5013665100065,Organic - Lightly Salted - Wholegrain Low Fat - Rice Cakes imp,Kall√∏,√âpicerie sal√©e,Gama,130 g,https://images.openfoodfacts.org/images/products/501/366/510/0065/front_en.52.400.jpg,OFF,11.221
3329770077003,3329770077003,Skyr nature 0%,Yoplait,Cr√®merie / Latic√≠nios,Gama,850 g,https://images.openfoodfacts.org/images/products/332/977/007/7003/front_en.164.400.jpg,OFF,11.227
3760049798609,3760049798609,Pain de mie grandes tranches Seigle & Graines 500g,La Boulang√®re,√âpicerie sal√©e,Gama,500 g,https://images.openfoodfacts.org/images/products/376/004/979/8609/front_en.140.400.jpg,OFF,11.205
8052575090254,8052575090254,Nocciolata bio,Rigoni di Asiago,Bio,Gama,650 g,https://images.openfoodfacts.org/images/products/805/257/509/0254/front_en.43.400.jpg,OFF,11.227
7311070032611,7311070032611,Krisprolls complets sans sucres ajout√©s,Krisprolls,√âpicerie sucr√©e,Gama,425 g,https://images.openfoodfacts.org/images/products/731/107/003/2611/front_en.91.400.jpg,OFF,11.209
3029330022428,3029330022428,14 Maxi Tranches complet sans sucres ajout√©s,Jacquet,√âpicerie sucr√©e,Gama,550 g,https://images.openfoodfacts.org/images/products/302/933/002/2428/front_fr.180.400.jpg,OFF,11.176
16256163,16256163,poulain,Poulain,√âpicerie sal√©e,Gama,400g,https://images.openfoodfacts.org/images/products/000/001/625/6163/front_fr.85.400.jpg,OFF,11.165
16256866,16256866,1848 Chocolat en poudre,Poulain,Boissons,Gama,450 g,https://images.openfoodfacts.org/images/products/000/001/625/6866/front_fr.105.400.jpg,OFF,11.105
6111184000213,6111184000213,El Baraka Confiture D'abricots 430 G,el baraka,√âpicerie sal√©e,Gama,430 g,https://images.openfoodfacts.org/images/products/611/118/400/0213/front_fr.20.400.jpg,OFF,11.196
6111206000733,6111206000733,Jebli,Centrale,√âpicerie sal√©e,Gama,,https://images.openfoodfacts.org/images/products/611/120/600/0733/front_ar.80.400.jpg,OFF,11.148
6111018501480,6111018501480,Nescaf√©,Nescafe,√âpicerie sal√©e,Gama,95 g,https://images.openfoodfacts.org/images/products/611/101/850/1480/front_fr.25.400.jpg,OFF,11.26
3155250358788,3155250358788,Primev√®re bio doux tartine & cuisson,Primev√®re,Bio,Gama,250 g,https://images.openfoodfacts.org/images/products/315/525/035/8788/front_en.166.400.jpg,OFF,11.129
50160884,50160884,Vegan Bouillon powder reduced salt,Marigold,√âpicerie sal√©e,Gama,150g,https://images.openfoodfacts.org/images/products/000/005/016/0884/front_en.80.400.jpg,OFF,11.114
6111242100930,6111242100930,raibi jaoda,Jaouda,√âpicerie sal√©e,Gama,165g,https://images.openfoodfacts.org/images/products/611/124/210/0930/front_fr.42.400.jpg,OFF,11.161
3068320123264,3068320123264,La salvetat,Danone,√âpicerie sal√©e,Gama,"1,15 L",https://images.openfoodfacts.org/images/products/306/832/012/3264/front_fr.100.400.jpg,OFF,11.136
6111032008453,6111032008453,Danino,Danone,√âpicerie sal√©e,Gama,80,https://images.openfoodfacts.org/images/products/611/103/200/8453/front_fr.4.400.jpg,OFF,11.256
3608580124047,3608580124047,Be Nuts ! - P√¢te √† tartiner Cacahu√®te,Andros,√âpicerie sal√©e,Gama,325 g,https://images.openfoodfacts.org/images/products/360/858/012/4047/front_en.30.400.jpg,OFF,11.071
3451790988677,3451790988677,Le Beurre Tendre Doux,Elle & Vire,√âpicerie sal√©e,Gama,250 g,https://images.openfoodfacts.org/images/products/345/179/098/8677/front_en.186.400.jpg,OFF,11.054
5010029000801,5010029000801,Family Pack,Weetabix,√âpicerie sal√©e,Gama,860 g,https://images.openfoodfacts.org/images/products/501/002/900/0801/front_en.60.400.jpg,OFF,11.061
5013665112273,5013665112273,Organic Vegetable Stock Cubes,Kall√∏,Bio,Gama,88g,https://images.openfoodfacts.org/images/products/501/366/511/2273/front_en.62.400.jpg,OFF,11.064
3480341000674,3480341000674,Carr√© Frais,Elle & Vire,√âpicerie sal√©e,Gama,200 g,https://images.openfoodfacts.org/images/products/348/034/100/0674/front_en.123.400.jpg,OFF,11.006
6111203001474,6111203001474,La prairie classique,margafrique,√âpicerie sal√©e,Gama,250,https://images.openfoodfacts.org/images/products/611/120/300/1474/front_fr.15.400.jpg,OFF,11.035
4008400401621,4008400401621,Nutella,Ferrero,√âpicerie sal√©e,Gama,450 g,https://images.openfoodfacts.org/images/products/400/840/040/1621/front_en.254.400.jpg,OFF,11.071
3175680015228,3175680015228,Levure de bi√®re,Gerbl√©,Boissons,Gama,150 g,https://images.openfoodfacts.org/images/products/317/568/001/5228/front_fr.294.400.jpg,OFF,10.996
3229820160672,3229820160672,Croustillant Chocolat,Bjorg,Boissons,Gama,500 g,https://images.openfoodfacts.org/images/products/322/982/016/0672/front_fr.312.400.jpg,OFF,10.979
3760049790214,3760049790214,Pain De Mie Bio,La Boulang√®re,Bio,Gama,500 g,https://images.openfoodfacts.org/images/products/376/004/979/0214/front_en.249.400.jpg,OFF,10.996
5010003064744,5010003064744,Seed Sensations,Hovis,√âpicerie sal√©e,Gama,800g,https://images.openfoodfacts.org/images/products/501/000/306/4744/front_en.76.400.jpg,OFF,10.945
3019081238643,3019081238643,Sardines Huile d'Olive Vierge Extra,Parmentier,√âpicerie sal√©e,Gama,135 g (95 g √©goutt√©),https://images.openfoodfacts.org/images/products/301/908/123/8643/front_fr.115.400.jpg,OFF,10.943
6111024001516,6111024001516,"Huile de table √©quilibr√©e riche en vitamines A,E,D3",Lesieur,√âpicerie sal√©e,Gama,1l,https://images.openfoodfacts.org/images/products/611/102/400/1516/front_fr.25.400.jpg,OFF,10.994
3257971309114,3257971309114,Eau min√©rale naturelle,Mont Roucous,Boissons,Gama,1 L,https://images.openfoodfacts.org/images/products/325/797/130/9114/front_fr.68.400.jpg,OFF,10.951
3045140105502,3045140105502,Chocolat au lait,Milka,Cr√®merie / Latic√≠nios,Gama,100 g,https://images.openfoodfacts.org/images/products/304/514/010/5502/front_fr.583.400.jpg,OFF,10.951
5020364010113,5020364010113,Bakery Co. 5 The Original Bagels,New York Bakery Co,√âpicerie sal√©e,Gama,5,https://images.openfoodfacts.org/images/products/502/036/401/0113/front_en.66.400.jpg,OFF,10.943
42105220,42105220,Coca Cola,Coca-Cola,Boissons,Gama,450 ml,https://images.openfoodfacts.org/images/products/000/004/210/5220/front_en.54.400.jpg,OFF,11.026
5036589252450,5036589252450,Yeo Valley Organic kefir natural fermented yogurt,Yeo Valley Organic,Bio,Gama,350g,https://images.openfoodfacts.org/images/products/503/658/925/2450/front_en.50.400.jpg,OFF,10.964
3284230006408,3284230006408,Brioche Tranch√©e Bio 400g,La Boulang√®re,Bio,Gama,400 g,https://images.openfoodfacts.org/images/products/328/423/000/6408/front_en.160.400.jpg,OFF,10.932
8722700479475,8722700479475,Real Mayonnaise,Hellmann's,√âpicerie sal√©e,Gama,"404 g (430 ml), approx. 28 portions",https://images.openfoodfacts.org/images/products/872/270/047/9475/front_en.52.400.jpg,OFF,10.927
10614594,10614594,Granatapfel Sauerkirsche Fruchtgummi,Sweet-Land,√âpicerie sal√©e,Gama,,https://images.openfoodfacts.org/images/products/000/001/061/4594/front_de.39.400.jpg,OFF,10.908
3088543506255,3088543506255,Sirop d'Agave,Sunny Via,√âpicerie sal√©e,Gama,350 g,https://images.openfoodfacts.org/images/products/308/854/350/6255/front_en.265.400.jpg,OFF,10.875
20815394,20815394,Fruit & Nut Mix,Alesto,√âpicerie sal√©e,Gama,200 g,https://images.openfoodfacts.org/images/products/000/002/081/5394/front_en.134.400.jpg,OFF,10.945
3480341000636,3480341000636,Carr√© Frais - Nature,Elle&Vire,√âpicerie sal√©e,Gama,200g 8x25g,https://images.openfoodfacts.org/images/products/348/034/100/0636/front_en.150.400.jpg,OFF,10.875
8718114724485,8718114724485,Mayonnaise,Hellmann's,√âpicerie sal√©e,Gama,"750 ml / 705 g, approx. 50 portions",https://images.openfoodfacts.org/images/products/871/811/472/4485/front_en.46.400.jpg,OFF,10.881
3760091727732,3760091727732,Beurre bio cacahu√®te,Ethiquable,Bio,Gama,350 g,https://images.openfoodfacts.org/images/products/376/009/172/7732/front_en.93.400.jpg,OFF,10.883
4056489346357,4056489346357,Bio-Almond-Mandelmilch,Vemondo Lidl,Bio,Gama,1000ml,https://images.openfoodfacts.org/images/products/405/648/934/6357/front_en.327.400.jpg,OFF,10.852
3046920029780,3046920029780,Excellence Noir Subtil Doux 70% Cacao,Lindt,√âpicerie sal√©e,Gama,100 g,https://images.openfoodfacts.org/images/products/304/692/002/9780/front_en.260.400.jpg,OFF,10.881
3587220002252,3587220002252,La g√¢che tranch√©e,La Fourn√©e Dor√©e,√âpicerie sal√©e,Gama,500 g,https://images.openfoodfacts.org/images/products/358/722/000/2252/front_fr.236.400.jpg,OFF,10.872
3366321052386,3366321052386,st hubert bio & v√©g√©tal,st hubert,Bio,Gama,230 g,https://images.openfoodfacts.org/images/products/336/632/105/2386/front_fr.2342.400.jpg,OFF,10.858
7613039490266,7613039490266,Nesquik,Nestl√©,√âpicerie sal√©e,Gama,390 g,https://images.openfoodfacts.org/images/products/761/303/949/0266/front_en.146.400.jpg,OFF,10.878
3327272107969,3327272107969,Menguy's Peanut 100%,Menguy's,√âpicerie sal√©e,Gama,454 g,https://images.openfoodfacts.org/images/products/332/727/210/7969/front_en.59.400.jpg,OFF,10.881
3760049791006,3760049791006,Tartines campagne 450g,La boulangere,√âpicerie sal√©e,Gama,450 g,https://images.openfoodfacts.org/images/products/376/004/979/1006/front_fr.144.400.jpg,OFF,10.832
4008400404127,4008400404127,Nutella,Ferrero,√âpicerie sal√©e,Gama,750 g,https://images.openfoodfacts.org/images/products/400/840/040/4127/front_en.251.400.jpg,OFF,10.858
4056489007180,4056489007180,pain de mie grandes tranches sp√©cial sandwich complet,Ma√Ætre Jean Pierre,√âpicerie sal√©e,Gama,750 g,https://images.openfoodfacts.org/images/products/405/648/900/7180/front_en.115.400.jpg,OFF,10.823
5011273040698,5011273040698,Runny Honey imp,Rowse,√âpicerie sal√©e,Gama,340 g,https://images.openfoodfacts.org/images/products/501/127/304/0698/front_en.43.400.jpg,OFF,10.796
4016241030573,4016241030573,Skyr | Natural Fat Free | 0% Fat,Arla,√âpicerie sal√©e,Gama,450 g,https://images.openfoodfacts.org/images/products/401/624/103/0573/front_en.3.400.jpg,OFF,10.799
7300400481571,7300400481571,wasa,Barilla,√âpicerie sal√©e,Gama,270 g,https://images.openfoodfacts.org/images/products/730/040/048/1571/front_fr.1725.400.jpg,OFF,10.778
7613035676497,7613035676497,Ricor√© original,Nestl√©,√âpicerie sal√©e,Gama,260 g,https://images.openfoodfacts.org/images/products/761/303/567/6497/front_en.258.400.jpg,OFF,10.793
3175681851856,3175681851856,Biscuit raisins,Gerbl√©,√âpicerie sucr√©e,Gama,270 g,https://images.openfoodfacts.org/images/products/317/568/185/1856/front_en.161.400.jpg,OFF,10.759
3229820794525,3229820794525,Nutri+ avoine chocolat,Bjorg,Boissons,Gama,130 g,https://images.openfoodfacts.org/images/products/322/982/079/4525/front_fr.118.400.jpg,OFF,10.765
5013665112235,5013665112235,Organic Chicken Stock Cubes 8 Pack,Kall√∏,Bio,Gama,88 g,https://images.openfoodfacts.org/images/products/501/366/511/2235/front_en.38.400.jpg,OFF,10.759
3045320094008,3045320094008,Strawberry Jam,Bonne Maman,√âpicerie sal√©e,Gama,370 g,https://images.openfoodfacts.org/images/products/304/532/009/4008/front_en.14.400.jpg,OFF,10.781
5000168036755,5000168036755,digestives,McVitie's,√âpicerie sal√©e,Gama,360g,https://images.openfoodfacts.org/images/products/500/016/803/6755/front_en.38.400.jpg,OFF,10.781
3228857001231,3228857001231,Harrys brioche tressee nature au sucre perle sans additifs 500g,Harrys,√âpicerie sucr√©e,Gama,500 g,https://images.openfoodfacts.org/images/products/322/885/700/1231/front_fr.101.400.jpg,OFF,10.793
5013665108801,5013665108801,Crunchy Peanut Butter,Whole earth,Cr√®merie / Latic√≠nios,Gama,454g,https://images.openfoodfacts.org/images/products/501/366/510/8801/front_en.44.400.jpg,OFF,10.787
06153153,06153153,Tartines craquantes quinoa - pois chiche,Jardin Bio,Bio,Gama,,https://images.openfoodfacts.org/images/products/000/000/615/3153/front_fr.76.400.jpg,OFF,10.765
20202392,20202392,Brazil Nuts,Alesto,√âpicerie sal√©e,Gama,200g,https://images.openfoodfacts.org/images/products/000/002/020/2392/front_en.284.400.jpg,OFF,10.771
3412290070101,3412290070101,Paysan Breton - Le Fromage Fouett√© Madame Lo√Øk - Nature au Sel de Gu√©rande,Le Fromage Fouett√© Madame Lo√Øk,Cr√®merie / Latic√≠nios,Gama,180 g,https://images.openfoodfacts.org/images/products/341/229/007/0101/front_fr.104.400.jpg,OFF,10.756
5013665111610,5013665111610,Lightly Salted Low Fat Corn Cakes,Kall√∏,√âpicerie sal√©e,Gama,,https://images.openfoodfacts.org/images/products/501/366/511/1610/front_en.39.400.jpg,OFF,10.756
6111251420272,6111251420272,A√Øn Ifran Eau min√©rale naturelle,Ain ifrane,Boissons,Gama,5 l,https://images.openfoodfacts.org/images/products/611/125/142/0272/front_en.23.400.jpg,OFF,10.835
5010044000701,5010044000701,Crumpets,Warburtons,√âpicerie sal√©e,Gama,6,https://images.openfoodfacts.org/images/products/501/004/400/0701/front_en.30.400.jpg,OFF,10.733
7622201133337,7622201133337,Figolu,LUMondelez,√âpicerie sal√©e,Gama,192 g (12 x 16 g),https://images.openfoodfacts.org/images/products/762/220/113/3337/front_en.122.400.jpg,OFF,10.724
8715035110106,8715035110106,Sojasauce,Kikkoman,√âpicerie sal√©e,Gama,150ml,https://images.openfoodfacts.org/images/products/871/503/511/0106/front_en.247.400.jpg,OFF,10.814
5053990155354,5053990155354,Sour Cream & Onion,Pringles,√âpicerie sal√©e,Gama,175 g,https://images.openfoodfacts.org/images/products/505/399/015/5354/front_en.42.400.jpg,OFF,10.759
3155251205302,3155251205302,Tartine doux,Primev√®re,√âpicerie sal√©e,Gama,500 g,https://images.openfoodfacts.org/images/products/315/525/120/5302/front_en.88.400.jpg,OFF,10.73
8719200012608,8719200012608,ProActiv Margarine Tartine,ProActiv,√âpicerie sal√©e,Gama,225 g,https://images.openfoodfacts.org/images/products/871/920/001/2608/front_fr.78.400.jpg,OFF,10.714
6111242102019,6111242102019,flan caram jao dan,Jaouda,√âpicerie sal√©e,Gama,85g,https://images.openfoodfacts.org/images/products/611/124/210/2019/front_fr.39.400.jpg,OFF,10.796
3366321051983,3366321051983,Om√©ga 3¬Æ Doux,St Hubert,√âpicerie sal√©e,Gama,250 g,https://images.openfoodfacts.org/images/products/336/632/105/1983/front_fr.132.400.jpg,OFF,10.717
6111032002925,6111032002925,Yaourt Nature,Danone,Cr√®merie / Latic√≠nios,Gama,110g,https://images.openfoodfacts.org/images/products/611/103/200/2925/front_fr.44.400.jpg,OFF,10.746
8410076601131,8410076601131,Crunchy avoine et miel,Nature ValleyGeneral Mills,√âpicerie sal√©e,Gama,"210 g, 5 barres doubles de 42 g",https://images.openfoodfacts.org/images/products/841/007/660/1131/front_fr.133.400.jpg,OFF,10.7
5060337220415,5060337220415,Kefir Drink Original,Biotiful,Bio,Gama,500 ml,https://images.openfoodfacts.org/images/products/506/033/722/0415/front_en.20.400.jpg,OFF,10.694
0680569854124,0680569854124,Fermented Coconut Yoghurt Alternative,The Coconut Collab,√âpicerie sal√©e,Gama,350 g,https://images.openfoodfacts.org/images/products/068/056/985/4124/front_en.94.400.jpg,OFF,10.707
4014400400007,4014400400007,toffifee,Storck,√âpicerie sal√©e,Gama,125g,https://images.openfoodfacts.org/images/products/401/440/040/0007/front_en.426.400.jpg,OFF,10.724
8410076601148,8410076601148,Crunchy Avoine & Chocolat Noir x 5 x 2 barres de 21 g,General Mills,Boissons,Gama,210 g,https://images.openfoodfacts.org/images/products/841/007/660/1148/front_fr.74.400.jpg,OFF,10.697
3504182960123,3504182960123,Tomates cerises allong√©es,Azura,Fruits & L√©gumes,Gama,250 g,https://images.openfoodfacts.org/images/products/350/418/296/0123/front_fr.23.400.jpg,OFF,10.69
5201054017418,5201054017418,Fage Total 0% Yogurt,Fage,√âpicerie sal√©e,Gama,450 g,https://images.openfoodfacts.org/images/products/520/105/401/7418/front_en.40.400.jpg,OFF,10.737
8720182460721,8720182460721,Amora Moutarde Forte Bocal 430g,Amora,√âpicerie sal√©e,Gama,430 g,https://images.openfoodfacts.org/images/products/872/018/246/0721/front_fr.67.400.jpg,OFF,10.733
01318180,01318180,Multiseed Wholemeal Farmhouse Loaf,Sainsbury's,√âpicerie sal√©e,Gama,800g,https://images.openfoodfacts.org/images/products/000/000/131/8180/front_en.43.400.jpg,OFF,10.717
3175680011442,3175680011442,Biscuit soja orange,Gerbl√©,√âpicerie sucr√©e,Gama,280 g,https://images.openfoodfacts.org/images/products/317/568/001/1442/front_en.142.400.jpg,OFF,10.7
5000168198491,5000168198491,Sabl√©s Anglais L'Original,McVitie's,√âpicerie sal√©e,Gama,400 g,https://images.openfoodfacts.org/images/products/500/016/819/8491/front_en.193.400.jpg,OFF,10.68
3046920010047,3046920010047,Excellence Noir Cors√© 78% Cacao,Lindt,√âpicerie sal√©e,Gama,100 gram,https://images.openfoodfacts.org/images/products/304/692/001/0047/front_en.241.400.jpg,OFF,10.673
4006985906203,4006985906203,Cacao en Poudre Non Sucr√©,Van Houten,√âpicerie sal√©e,Gama,255 g,https://images.openfoodfacts.org/images/products/400/698/590/6203/front_fr.88.400.jpg,OFF,10.652
3124480191182,3124480191182,PET 2L OASIS TROPICAL,Oasis,√âpicerie sal√©e,Gama,2 L,https://images.openfoodfacts.org/images/products/312/448/019/1182/front_en.145.400.jpg,OFF,10.673
5053990161669,5053990161669,–ö–∞—Ä—Ç–æ—Ñ–µ–ª—å–Ω—ã–µ —á–∏–ø—Å—ã —Å–æ –≤–∫—É—Å–æ–º –ø–∞—Ä–∏–∫–∏,pringles,√âpicerie sal√©e,Gama,165g,https://images.openfoodfacts.org/images/products/505/399/016/1669/front_en.141.400.jpg,OFF,10.727
6111032006749,6111032006749,Danette chklat,Danette,√âpicerie sal√©e,Gama,,https://images.openfoodfacts.org/images/products/611/103/200/6749/front_ar.20.400.jpg,OFF,10.684
3228857001378,3228857001378,Brioche moins de sucre,Harrys,√âpicerie sucr√©e,Gama,485 g,https://images.openfoodfacts.org/images/products/322/885/700/1378/front_fr.130.400.jpg,OFF,10.663
3664346312936,3664346312936,P√¢te √† tartiner,Poulain,√âpicerie sal√©e,Gama,400 g,https://images.openfoodfacts.org/images/products/366/434/631/2936/front_fr.121.400.jpg,OFF,10.649
5449000015105,5449000015105,Sprite,Sprite,√âpicerie sal√©e,Gama,1L,https://images.openfoodfacts.org/images/products/544/900/001/5105/front_fr.4.400.jpg,OFF,10.7
3302740087059,3302740087059,Les tranches V√©g√© - lentilles corail,Fleury Michon,√âpicerie sal√©e,Gama,120,https://images.openfoodfacts.org/images/products/330/274/008/7059/front_fr.23.400.jpg,OFF,10.684
3760049794298,3760049794298,Pain de mie Bio grandes tranches c√©r√©ales & graines 500g,La Boulang√®re,Bio,Gama,500 g,https://images.openfoodfacts.org/images/products/376/004/979/4298/front_fr.178.400.jpg,OFF,10.635
5411188124689,5411188124689,Hafer Milch,ALPRO,√âpicerie sal√©e,Gama,1 l,https://images.openfoodfacts.org/images/products/541/118/812/4689/front_en.411.400.jpg,OFF,11.265
20006105,20006105,Wholegrain Rye Bread,Lidl,√âpicerie sal√©e,Gama,500 g,https://images.openfoodfacts.org/images/products/000/002/000/6105/front_en.212.400.jpg,OFF,10.994
4056489216162,4056489216162,High Protein Chocolate Flavour Pudding,Milbona,√âpicerie sucr√©e,Gama,200g,https://images.openfoodfacts.org/images/products/405/648/921/6162/front_en.269.400.jpg,OFF,10.919
5411188110835,5411188110835,Mandelmilch mit Zucker,alpro,√âpicerie sal√©e,Gama,1 l,https://images.openfoodfacts.org/images/products/541/118/811/0835/front_en.571.400.jpg,OFF,10.846
6111175000741,6111175000741,41022,,√âpicerie sal√©e,Gama,,https://images.openfoodfacts.org/images/products/611/117/500/0741/front_ar.6.400.jpg,OFF,10.844
3083681095296,3083681095296,Ratatouille Cuisin√©e √† la Proven√ßale Cassegrain 380g,Cassegrain,√âpicerie sal√©e,Gama,380 g,https://images.openfoodfacts.org/images/products/308/368/109/5296/front_fr.100.400.jpg,OFF,10.609
5000157062673,5000157062673,Cream of tomato soup imp,Heinz,√âpicerie sal√©e,Gama,400g,https://images.openfoodfacts.org/images/products/500/015/706/2673/front_en.70.400.jpg,OFF,10.549
5060042641406,5060042641406,Sea salt & cider vinegar chips,Tyrrell‚Äôs,Boissons,Gama,150 g,https://images.openfoodfacts.org/images/products/506/004/264/1406/front_en.254.400.jpg,OFF,10.549
5000157143037,5000157143037,Heinz [Seriously] Good Mayonnaise,Heinz,√âpicerie sal√©e,Gama,540g,https://images.openfoodfacts.org/images/products/500/015/714/3037/front_en.41.400.jpg,OFF,10.568
5060088706534,5060088706534,Blueberry Muffin Myrtilles,Nakd,√âpicerie sal√©e,Gama,4 x 35g,https://images.openfoodfacts.org/images/products/506/008/870/6534/front_en.49.400.jpg,OFF,10.549
8076809513746,8076809513746,Pesto alla Genovese,Barilla,√âpicerie sal√©e,Gama,190 g,https://images.openfoodfacts.org/images/products/807/680/951/3746/front_en.170.400.jpg,OFF,10.468
4056489216155,4056489216155,High Protein Pudding Vanilla,Milbona,√âpicerie sal√©e,Gama,200 g,https://images.openfoodfacts.org/images/products/405/648/921/6155/front_en.247.400.jpg,OFF,10.46
20004132,20004132,Chopped tomatoes in tomato juice,Baresa,Boissons,Gama,400g,https://images.openfoodfacts.org/images/products/000/002/000/4132/front_en.397.400.jpg,OFF,10.468
5411188124702,5411188124702,"Alpro Haferdrink, Unges√º√üt 1 L, FRESH",Alpro,√âpicerie sal√©e,Gama,1 l,https://images.openfoodfacts.org/images/products/541/118/812/4702/front_en.39.400.jpg,OFF,10.464
8076809545396,8076809545396,Pesto con Rucola,Barilla,Boissons,Gama,190 g,https://images.openfoodfacts.org/images/products/807/680/954/5396/front_de.265.400.jpg,OFF,10.407
5411188127697,5411188127697,BARISTA HAFER,Alpro,√âpicerie sal√©e,Gama,1 l,https://images.openfoodfacts.org/images/products/541/118/812/7697/front_de.170.400.jpg,OFF,10.468
8715700017006,8715700017006,Tomato Ketchup,Heinz,√âpicerie sal√©e,Gama,500ml,https://images.openfoodfacts.org/images/products/871/570/001/7006/front_fr.214.400.jpg,OFF,10.447
4033634061020,4033634061020,Organic Crisp Bread,DR KARG'S,Bio,Gama,200 g,https://images.openfoodfacts.org/images/products/403/363/406/1020/front_en.84.400.jpg,OFF,10.421
0037600106009,0037600106009,Peanut butter Creamy,Skippy,Cr√®merie / Latic√≠nios,Gama,340 g,https://images.openfoodfacts.org/images/products/003/760/010/6009/front_en.16.400.jpg,OFF,10.412
20005832,20005832,Dark Chocolate,Fin Carr√©,√âpicerie sucr√©e,Gama,100 g,https://images.openfoodfacts.org/images/products/000/002/000/5832/front_en.253.400.jpg,OFF,10.416
5053990167845,5053990167845,Sour Cream & Onion¬Æ,Pringles,√âpicerie sal√©e,Gama,185g,https://images.openfoodfacts.org/images/products/505/399/016/7845/front_en.66.400.jpg,OFF,10.375
3155251205500,3155251205500,Beurre doux gastronomique,Pr√©sident,√âpicerie sal√©e,Gama,250 g,https://images.openfoodfacts.org/images/products/315/525/120/5500/front_fr.227.400.jpg,OFF,10.384
20815882,20815882,Arriba Chocolat noir,J.D. Gross,Boissons,Gama,125 g,https://images.openfoodfacts.org/images/products/000/002/081/5882/front_en.196.400.jpg,OFF,10.425
20072803,20072803,Miel de fleurs,Maribel,√âpicerie sal√©e,Gama,500g,https://images.openfoodfacts.org/images/products/000/002/007/2803/front_fr.99.400.jpg,OFF,10.389
40897677,40897677,Hafer Flocken Zart,Crownfield,√âpicerie sal√©e,Gama,500 g,https://images.openfoodfacts.org/images/products/000/004/089/7677/front_de.225.400.jpg,OFF,10.366
20159917,20159917,Corn Flakes,Crownfield,√âpicerie sal√©e,Gama,500 g,https://images.openfoodfacts.org/images/products/000/002/015/9917/front_en.177.400.jpg,OFF,10.375
3088545004001,3088545004001,Miel de Fleurs Liquide Doseur 500g,Lune de Miel,√âpicerie sal√©e,Gama,500g,https://images.openfoodfacts.org/images/products/308/854/500/4001/front_en.11.400.jpg,OFF,10.375
7311070362664,7311070362664,Krisprolls,Krisprolls,√âpicerie sal√©e,Gama,425 g,https://images.openfoodfacts.org/images/products/731/107/036/2664/front_fr.106.400.jpg,OFF,10.361
8715035130104,8715035130104,salsa di soia a tasso ridotto di sale,HAUGEN-GRUPPEN AS,√âpicerie sal√©e,Gama,150ml,https://images.openfoodfacts.org/images/products/871/503/513/0104/front_en.132.400.jpg,OFF,10.308
20475604,20475604,Baked Beans,Freshona,√âpicerie sal√©e,Gama,420g,https://images.openfoodfacts.org/images/products/000/002/047/5604/front_en.33.400.jpg,OFF,10.328
3045140118502,3045140118502,Milka Tablette Noisette,Milka,√âpicerie sal√©e,Gama,100g,https://images.openfoodfacts.org/images/products/304/514/011/8502/front_fr.191.400.jpg,OFF,10.347
8000500273296,8000500273296,Ferrero Rocher,Ferrero,√âpicerie sal√©e,Gama,375 g,https://images.openfoodfacts.org/images/products/800/050/027/3296/front_en.10.400.jpg,OFF,10.347
20177218,20177218,NOIR DEGUSTATION 70% CARAMEL,J.D. Gross,√âpicerie sal√©e,Gama,125 g,https://images.openfoodfacts.org/images/products/000/002/017/7218/front_en.116.400.jpg,OFF,10.308
3046920029681,3046920029681,Excellence Noir D√©licat Doux 85% Cacao,Lindt,√âpicerie sal√©e,Gama,100 g,https://images.openfoodfacts.org/images/products/304/692/002/9681/front_en.132.400.jpg,OFF,10.328
7622300315733,7622300315733,Frischk√§se Original Philadelphia,Mondelez,√âpicerie sal√©e,Gama,175 gram,https://images.openfoodfacts.org/images/products/762/230/031/5733/front_de.128.400.jpg,OFF,10.288
4025500287955,4025500287955,Kefir - Pur,M√ºller,√âpicerie sal√©e,Gama,500g,https://images.openfoodfacts.org/images/products/402/550/028/7955/front_en.25.400.jpg,OFF,10.338
20337292,20337292,Pistacchi,AlestoLidl,√âpicerie sal√©e,Gama,250 g,https://images.openfoodfacts.org/images/products/000/002/033/7292/front_en.84.400.jpg,OFF,10.278
8852018101024,8852018101024,Instant Nudeln - Chicken Flavour,YUM YUM,√âpicerie sal√©e,Gama,60 gram,https://images.openfoodfacts.org/images/products/885/201/810/1024/front_en.221.400.jpg,OFF,10.268
8712100724572,8712100724572,Levure Chimique Alsacienne,Alsa,√âpicerie sal√©e,Gama,88 g,https://images.openfoodfacts.org/images/products/871/210/072/4572/front_en.149.400.jpg,OFF,10.273
5411188112778,5411188112778,"Alpro¬Æ Mandeldrink Unges√º√üt, 1 L, FRESH",Alpro,√âpicerie sal√©e,Gama,1 l,https://images.openfoodfacts.org/images/products/541/118/811/2778/front_en.118.400.jpg,OFF,10.268
4008400260921,4008400260921,Kinder Country,Ferrero,√âpicerie sal√©e,Gama,211.5 g,https://images.openfoodfacts.org/images/products/400/840/026/0921/front_en.139.400.jpg,OFF,10.22
4008400402222,4008400402222,Nutella,Ferrero,√âpicerie sal√©e,Gama,500 g,https://images.openfoodfacts.org/images/products/400/840/040/2222/front_en.161.400.jpg,OFF,10.226
50147588,50147588,Colman's Mustard,Colman's,√âpicerie sal√©e,Gama,170g,https://images.openfoodfacts.org/images/products/000/005/014/7588/front_en.61.400.jpg,OFF,10.209
0043647868039,0043647868039,Tiptree tomato ketchup,Wilkin & Sons,√âpicerie sal√©e,Gama,310g,https://images.openfoodfacts.org/images/products/004/364/786/8039/front_en.49.400.jpg,OFF,10.204
20443375,20443375,Pitted Green Olives,Baresa,√âpicerie sal√©e,Gama,340g,https://images.openfoodfacts.org/images/products/000/002/044/3375/front_en.141.400.jpg,OFF,10.209
4008400409627,4008400409627,Nutella,Ferrero,√âpicerie sal√©e,Gama,825g,https://images.openfoodfacts.org/images/products/400/840/040/9627/front_en.128.400.jpg,OFF,10.268
4058172309250,4058172309250,Magnesium,Mivolis,√âpicerie sal√©e,Gama,82g,https://images.openfoodfacts.org/images/products/405/817/230/9250/front_en.3.400.jpg,OFF,10.357
5000157024886,5000157024886,Heinz Baked Beans,Heinz,√âpicerie sal√©e,Gama,4x415 g,https://images.openfoodfacts.org/images/products/500/015/702/4886/front_en.5.400.jpg,OFF,10.209
5410041010800,5410041010800,Petit √©colier chocolat noir pur beurre de cacao,Lu,Boissons,Gama,150g,https://images.openfoodfacts.org/images/products/541/004/101/0800/front_fr.252.400.jpg,OFF,10.215
8718836397110,8718836397110,Premium Omega-3,Ocean's Essentials,√âpicerie sal√©e,Gama,402 g,https://images.openfoodfacts.org/images/products/871/883/639/7110/front_en.21.400.jpg,OFF,10.231
5000111041843,5000111041843,Lea and perrins,Lea & Perrins,√âpicerie sal√©e,Gama,290ml,https://images.openfoodfacts.org/images/products/500/011/104/1843/front_en.42.400.jpg,OFF,10.22
4056489620938,4056489620938,Crema de cacahuete,Maribel,√âpicerie sal√©e,Gama,500 g,https://images.openfoodfacts.org/images/products/405/648/962/0938/front_fr.50.400.jpg,OFF,10.231
0022314010025,0022314010025,Cr√®me de marrons de l'Ard√®che,Clement Faugier,√âpicerie sal√©e,Gama,500g,https://images.openfoodfacts.org/images/products/002/231/401/0025/front_en.47.400.jpg,OFF,10.142
6111255771196,6111255771196,Noisetta,,√âpicerie sal√©e,Gama,,https://images.openfoodfacts.org/images/products/611/125/577/1196/front_en.11.400.jpg,OFF,10.288
3183280000728,3183280000728,Sel Moulu de M√©diterran√©e,la baleine,√âpicerie sal√©e,Gama,250,https://images.openfoodfacts.org/images/products/318/328/000/0728/front_fr.100.400.jpg,OFF,10.1
8715700112596,8715700112596,"Ketchup z√©ro sel ajour√©, 70% moins de sucres",Heinz,√âpicerie sucr√©e,Gama,425g - 400ml,https://images.openfoodfacts.org/images/products/871/570/011/2596/front_en.34.400.jpg,OFF,10.142
4056489997511,4056489997511,Bio Hafer,Vemondo,Bio,Gama,1 l,https://images.openfoodfacts.org/images/products/405/648/999/7511/front_de.70.400.jpg,OFF,10.193
8000500426494,8000500426494,Nutella Plant-Based,Nutella,√âpicerie sal√©e,Gama,350 g,https://images.openfoodfacts.org/images/products/800/050/042/6494/front_en.101.400.jpg,OFF,10.153
4056489033042,4056489033042,Noisettes grill√©es,Alesto,√âpicerie sal√©e,Gama,200 g,https://images.openfoodfacts.org/images/products/405/648/903/3042/front_en.74.400.jpg,OFF,10.142
5000111041836,5000111041836,Worcestershire Sauce,Lea & Perrins,√âpicerie sal√©e,Gama,150 ml,https://images.openfoodfacts.org/images/products/500/011/104/1836/front_en.58.400.jpg,OFF,10.106
4014400901191,4014400901191,merci Finest Selection Assorted Chocolates,Storck,√âpicerie sucr√©e,Gama,250g,https://images.openfoodfacts.org/images/products/401/440/090/1191/front_en.250.400.jpg,OFF,10.159
5000354908248,5000354908248,Custard powder,Bird's,√âpicerie sal√©e,Gama,350 g,https://images.openfoodfacts.org/images/products/500/035/490/8248/front_en.33.400.jpg,OFF,10.081
3265474000018,3265474000018,Huile Isio 4,Lesieur,√âpicerie sal√©e,Gama,1l,https://images.openfoodfacts.org/images/products/326/547/400/0018/front_fr.125.400.jpg,OFF,10.081
4056489406662,4056489406662,High Protein Drink Gusto Vaniglia,Lidl,√âpicerie sal√©e,Gama,330 ml,https://images.openfoodfacts.org/images/products/405/648/940/6662/front_en.162.400.jpg,OFF,10.13
20534455,20534455,Abricot sec,Alesto,√âpicerie sal√©e,Gama,200g,https://images.openfoodfacts.org/images/products/000/002/053/4455/front_en.159.400.jpg,OFF,10.112
9002490205973,9002490205973,25 cl Red Bull - Energy Drink,Red Bull,√âpicerie sal√©e,Gama,250 ml,https://images.openfoodfacts.org/images/products/900/249/020/5973/front_en.104.400.jpg,OFF,10.088
